student_id,major,age,housing,commute_miles,work_hours_per_week,advisor_meetings,credits_attempted,final_gpa,study_hours_reported,enrollment_date,dropped_out,housing_clean,total_minutes_active,n_courses,avg_grade_points,enrollment_date_parsed,study_z,gpa_band
101508,Data Science,27.0,Off-Campus,7.6,15,1,81,1.86,10.469415807560136,2023-09-13,1,Off-Campus,2750,5,2.4,2023-09-13,-4.938714207789147e-16,1-2
102438,Learning Technologies,25.0,With Family,14.3,35,1,100,2.06,9.5,2023-10-19,0,With Family,2792,4,2.75,2023-10-19,-0.2695217264831258,2-3
102385,Learning Technologies,26.0,With Family,3.4,18,9,77,3.41,19.1,11/16/2022,0,With Family,5024,5,3.0,2022-11-16,2.3995172494235035,3-4
100767,Cyber Security,22.0,On-Campus,23.7,40,1,65,1.73,8.1,2024-05-03,0,On-Campus,2719,3,1.0,2024-05-03,-0.658756577136176,1-2
106054,Information Technology,21.0,Off-Campus,2.3,20,4,59,2.37,6.6,10/24/2022,0,Off-Campus,2916,4,3.0,2022-10-24,-1.0757939171215867,2-3
108827,Data Science,25.0,Off-Campus,21.5,18,2,2,1.62,7.7,2023-10-15,0,Off-Campus,2505,5,2.0,2023-10-15,-0.7699665344656187,1-2
102295,Cybersecurity,22.0,Off-Campus,11.8,20,1,57,0.0,2.9,12/13/2022,1,Off-Campus,1232,4,3.25,2022-12-13,-2.104486022418933,0-1
107954,Information Technology,24.0,With Family,6.0,25,0,22,2.71,15.1,25-Aug-2023,0,With Family,4252,4,2.75,2023-08-25,1.2874176761290743,2-3
101674,Cybersecurity,28.0,Off-Campus,4.5,25,3,45,3.06,13.4,03/06/2024,0,Off-Campus,4239,4,3.0,2024-03-06,0.8147753574789424,3-4
102682,Information Technology,22.0,Off-Campus,10.3,28,1,96,2.46,10.2,12/15/2023,0,Off-Campus,3152,5,3.0,2023-12-15,-0.07490430115660093,2-3
105635,Data Science,20.0,Off-Campus,28.5,20,1,85,1.97,10.469415807560136,2023-09-10,0,Off-Campus,2145,5,2.8,2023-09-10,-4.938714207789147e-16,1-2
102227,Data Science,24.0,Off-Campus,4.2,0,4,31,2.97,10.8,29-Sep-2022,0,Off-Campus,3789,5,3.2,2022-09-29,0.09191063483756379,2-3
101532,Cybersecurity,22.0,on-campus,13.8,20,3,43,1.96,5.4,11/07/2022,0,On-Campus,2294,5,2.6666666666666665,2022-11-07,-1.409423789109915,1-2
109351,Business Analytics,20.0,On-Campus,2.4,25,2,98,2.28,11.2,2022-12-20,0,On-Campus,3568,3,3.0,2022-12-20,0.20312059216700626,2-3
103967,Learning Technologies,20.0,On-Campus,3.2,15,4,57,1.44,10.0,05/13/2024,0,On-Campus,2983,5,2.6,2024-05-13,-0.13050927982132218,1-2
109666,Cybersecurity,22.0,With Family,7.4,28,0,29,0.0,10.469415807560136,09/09/2022,0,With Family,1064,5,2.25,2022-09-09,-4.938714207789147e-16,0-1
108538,Learning Technologies,24.0, On-Campus,15.2,20,3,0,0.0,9.3,01/20/2025,0,On-Campus,2536,5,3.2,2025-01-20,-0.32512670514784703,0-1
101387,Information Science,21.0,With Family,7.3,25,2,54,2.48,8.1,26-Oct-2023,1,With Family,2867,4,1.6666666666666667,2023-10-26,-0.658756577136176,2-3
102364,Information Science,23.0,Off-Campus,6.7,20,6,81,3.54,15.9,04/23/2024,0,Off-Campus,4568,5,3.5,2024-04-23,1.5098375907879604,3-4
100500,Cybersecurity,22.0,On-Campus,18.7,10,3,61,2.73,13.3,09/11/2023,1,On-Campus,3639,4,3.25,2023-09-11,0.7869728681465817,2-3
100837,Business Analytics,25.0,On-Campus,28.4,18,3,41,1.77,9.6,09/22/2022,0,On-Campus,2865,4,3.0,2022-09-22,-0.24171923715076515,1-2
108628,Cybersecurity,24.0,Off-Campus,16.2,12,5,81,2.04,7.4,2022-10-14,0,Off-Campus,2794,5,2.25,2022-10-14,-0.8533740024627008,2-3
108099,Information Technology,25.0,Off-Campus,4.3,0,1,55,2.27,11.0,03/15/2024,0,Off-Campus,3183,3,4.0,2024-03-15,0.14751561350228504,2-3
107135,Information Science,29.0,On-Campus,3.6,40,2,0,0.0,3.4,01/20/2025,0,On-Campus,1985,3,3.0,2025-01-20,-1.9654735757571296,0-1
109116,Cybersecurity,22.0,on-campus,4.5,20,1,75,3.02,7.9,05/04/2024,0,On-Campus,3489,4,3.5,2024-05-04,-0.7143615558008972,3-4
104466,Cybersecurity,25.0,off campus,5.0,10,4,63,2.53,8.3,02/19/2024,1,Off-Campus,2872,5,2.75,2024-02-19,-0.6031515984714542,2-3
107618,Information Science,22.0,With Family,4.0,5,3,29,3.27,11.8,09/24/2022,0,With Family,4462,4,2.75,2022-09-24,0.369935528161171,3-4
105906,Information Science,25.0,Off-campus,15.1,10,4,2,2.31,9.6,04-Dec-2022,0,Off-Campus,3531,5,2.6,2022-12-04,-0.24171923715076515,2-3
109564,Information Technology,28.0,Off-Campus,29.3,30,1,49,1.88,9.9,10/08/2023,0,Off-Campus,3652,4,2.3333333333333335,2023-10-08,-0.15831176915368278,1-2
108999,Information Science,21.0,On-Campus,10.7,30,2,51,2.33,14.9,2023-09-29,0,On-Campus,3863,5,3.0,2023-09-29,1.2318126974643533,2-3
108654,Information Technology,23.0,With Family,7.6,20,5,69,2.76,13.4,16-Oct-2023,0,With Family,4050,5,2.75,2023-10-16,0.8147753574789424,2-3
105893,Information Science,22.0,With Family,10.8,25,1,33,2.75,12.8,06-Dec-2023,0,With Family,3578,3,1.3333333333333333,2023-12-06,0.6479604214847782,2-3
100101,Cybersecurity,22.0,On-Campus,5.1,18,2,49,2.24,8.1,2024-03-14,0,On-Campus,3124,4,2.6666666666666665,2024-03-14,-0.658756577136176,2-3
109641,Cybersecurity,23.0,Off-Campus,7.9,35,4,35,2.42,12.5,04/08/2024,0,Off-Campus,4126,3,2.6666666666666665,2024-04-08,0.5645529534876959,2-3
101130,Learning Technologies,,with family,37.2,12,1,43,1.65,0.5,09/22/2022,1,With Family,770,4,2.0,2022-09-22,-2.7717457663955907,1-2
107610,Cybersecurity,25.0,on-campus,4.5,0,1,29,2.83,13.3,11/13/2023,1,On-Campus,4463,4,3.25,2023-11-13,0.7869728681465817,2-3
100021,Business Analytics,23.0,Off-Campus,16.3,28,3,33,1.4,2.3,08/24/2023,0,Off-Campus,2042,3,,2023-08-24,-2.271300958413098,1-2
108470,Cybersecurity,23.0,Off-Campus,7.5,18,4,15,3.2,12.5,11/26/2022,0,Off-Campus,5174,5,3.6,2022-11-26,0.5645529534876959,3-4
103104,Information Technology,27.0,On-Campus,38.3,0,4,40,2.39,10.469415807560136,05/05/2024,0,On-Campus,3646,4,2.5,2024-05-05,-4.938714207789147e-16,2-3
102986,Data Science,22.0,With Family,20.0,18,2,45,1.84,5.6,2024-02-17,0,With Family,2779,3,3.0,2024-02-17,-1.353818810445194,1-2
103481,Information Science,28.0,On-Campus,29.0,20,1,21,2.29,10.2,2022-10-05,1,On-Campus,3197,5,3.5,2022-10-05,-0.07490430115660093,2-3
108751,Information Technology,32.0,On-Campus,34.7,18,2,50,2.12,9.2,10/10/2023,0,On-Campus,3056,4,1.75,2023-10-10,-0.3529291944802081,2-3
102734,Information Technology,27.0,On-Campus,5.8,12,3,28,2.79,8.7,2024-02-09,0,On-Campus,3203,4,2.75,2024-02-09,-0.4919416411420117,2-3
103229,DataScience,26.0,Off-Campus,4.6,30,1,60,3.03,17.9,09/01/2022,0,Off-Campus,4112,4,3.75,2022-09-01,2.0658873774351743,3-4
103924,Information Science,29.0,Off-Campus,13.1,18,4,74,3.04,10.2,03/24/2024,0,Off-Campus,3591,3,2.3333333333333335,2024-03-24,-0.07490430115660093,3-4
108818,Information Technology,30.0,On-Campus,5.3,25,3,8,2.8,11.3,2024-05-05,0,On-Campus,3695,3,3.0,2024-05-05,0.23092308149936738,2-3
100863,Cybersecurity,23.0,On-Campus,9.8,18,4,93,3.02,13.6,15-Apr-2024,0,On-Campus,4528,5,3.0,2024-04-15,0.8703803361436636,3-4
103940,Information  Science,23.0,off campus,13.3,0,3,29,3.55,12.1,05/24/2024,0,Off-Campus,4952,4,2.5,2024-05-24,0.45334299615825285,3-4
100895,Cybersecurity,31.0,With Family,14.1,30,2,63,3.24,13.3,12/17/2022,0,With Family,3626,4,2.25,2022-12-17,0.7869728681465817,3-4
106691,Information Science,26.0,On-Campus,8.6,20,7,70,2.25,8.5,09/30/2023,1,On-Campus,3534,5,3.0,2023-09-30,-0.5475466198067329,2-3
103525,Learning Technologies,22.0,Off-Campus,16.9,15,1,26,2.74,15.4,2024-02-05,0,Off-Campus,4231,5,3.8,2024-02-05,1.3708251441261567,2-3
102705,Business Analytics,20.0,Off-Campus,25.3,15,4,86,2.07,11.9,02/17/2024,0,Off-Campus,2863,5,2.75,2024-02-17,0.3977380174935316,2-3
102946,Data Science,25.0,With Family,6.6,25,2,93,1.6,6.3,2022-12-14,0,With Family,2475,3,1.6666666666666667,2022-12-14,-1.1592013851186689,1-2
105110,Learning Technologies,23.0,On-Campus,11.9,20,0,25,2.36,6.8,10/24/2023,0,On-Campus,2222,4,2.5,2023-10-24,-1.0201889384568652,2-3
103820,Learning Technologies,28.0,On-Campus,6.3,20,0,9,1.87,5.5,11/05/2022,0,On-Campus,1878,4,3.0,2022-11-05,-1.3816212997775545,1-2
109021,Data Science,22.0,Off-Campus,5.9,12,4,76,3.16,14.7,11/14/2022,0,Off-Campus,3345,4,2.0,2022-11-14,1.1762077187996314,3-4
109466,Cybersecurity,25.0,with family,2.9,30,2,43,1.67,4.4,09/05/2023,0,With Family,1208,4,3.5,2023-09-05,-1.6874486824335224,1-2
104783,Learning Technologies,21.0,On-Campus,2.2,12,4,51,2.98,18.7,11/20/2022,0,On-Campus,5046,3,2.3333333333333335,2022-11-20,2.28830729209406,2-3
105414,Info Technology,24.0,Off-Campus,9.2,0,3,50,3.11,17.2,2023-09-26,0,Off-Campus,4901,5,3.0,2023-09-26,1.8712699521086493,3-4
109845,Learning Technologies,24.0,Off-Campus,20.3,18,0,91,2.43,12.0,2022-11-18,0,Off-Campus,4178,5,3.4,2022-11-18,0.42554050682589223,2-3
102146,DataScience,25.0,With Family,17.2,20,2,49,1.68,12.6,2024-03-16,0,With Family,2605,3,3.0,2024-03-16,0.5923554428200565,1-2
104269,Learning Technologies,30.0,Off-Campus,22.4,28,1,72,1.64,7.6,05/02/2024,1,Off-Campus,2236,3,4.0,2024-05-02,-0.7977690237979795,1-2
101053,Information Technology,32.0,Off-Campus,9.3,30,1,76,1.92,6.4,12/06/2023,0,Off-Campus,2508,3,2.3333333333333335,2023-12-06,-1.131398895786308,1-2
108633,Cybersecurity,26.0,With Family,14.8,30,1,81,2.83,15.1,2022-09-16,0,With Family,4351,3,3.0,2022-09-16,1.2874176761290743,2-3
101025,Business Analytics,26.0,On-Campus,1.7,18,2,53,2.79,10.9,2023-08-28,1,On-Campus,3726,5,3.25,2023-08-28,0.1197131241699244,2-3
108608,Business Analytics,22.0,Off-Campus,4.0,35,3,37,2.13,8.4,2024-05-04,1,Off-Campus,2880,4,3.5,2024-05-04,-0.5753491091390935,2-3
108643,Data Science,34.0,Off-Campus,6.7,5,1,74,2.13,10.469415807560136,12/16/2023,0,Off-Campus,2129,5,2.0,2023-12-16,-4.938714207789147e-16,2-3
100953,Business Analytics,23.0,Off-Campus,12.1,15,4,73,1.95,8.8,09/20/2023,0,Off-Campus,2271,4,3.0,2023-09-20,-0.4641391518096506,1-2
109264,Cybersecurity,22.0,On-Campus,14.6,35,2,32,2.56,13.4,09/16/2022,0,On-Campus,3906,5,3.4,2022-09-16,0.8147753574789424,2-3
107711,Information Technology,26.0,With Family,42.4,20,0,47,1.64,2.6,07-Sep-2023,0,With Family,1915,3,1.0,2023-09-07,-2.1878934904160157,1-2
106213,Cybersecurity,22.0,With Family,22.2,25,0,29,1.18,1.8,2022-10-29,1,With Family,1112,5,2.4,2022-10-29,-2.410313405074901,1-2
108451,Cybersecurity,25.0,Off-Campus,6.0,20,3,70,1.12,6.1,09/22/2022,0,Off-Campus,2348,4,3.5,2022-09-22,-1.2148063637833904,1-2
108767,Information Science,23.0,Off-Campus,9.7,0,3,79,2.96,9.4,12/08/2022,1,Off-Campus,3948,4,2.0,2022-12-08,-0.2973242158154864,2-3
108061,Cybersecurity,29.0,off campus,5.6,30,2,34,2.36,13.4,11/06/2022,0,Off-Campus,3860,5,3.0,2022-11-06,0.8147753574789424,2-3
109501,Cybersecurity,21.0,off campus,14.6,0,3,28,2.88,16.2,05/18/2024,0,Off-Campus,4451,5,3.8,2024-05-18,1.5932450587850422,2-3
107060,Information Science,20.0,On-Campus,9.6,0,2,64,2.13,10.469415807560136,02/02/2024,0,On-Campus,3624,4,2.75,2024-02-02,-4.938714207789147e-16,2-3
108564,Cybersecurity,26.0,With Family,6.9,10,1,55,3.08,17.4,27-Nov-2023,0,With Family,4255,5,2.5,2023-11-27,1.9268749307733706,3-4
106890,Information Science,30.0,Off-Campus,14.1,5,2,0,0.0,11.2,01/21/2025,0,Off-Campus,3942,4,2.5,2025-01-21,0.20312059216700626,0-1
104945,Data Science,27.0,On-Campus,4.2,0,1,0,1.45,4.9,09/21/2022,0,On-Campus,2758,4,2.0,2022-09-21,-1.5484362357717187,1-2
102436,Learning Technologies,27.0,On-Campus,21.2,18,1,74,2.64,9.0,2022-10-17,0,On-Campus,3228,3,1.6666666666666667,2022-10-17,-0.40853417314492935,2-3
109740,Data Science,23.0,Off-Campus,25.7,0,1,56,2.35,10.1,2022-08-25,0,Off-Campus,3055,4,2.0,2022-08-25,-0.10270679048896154,2-3
105355,Business Analytics,25.0,Off-Campus,21.3,28,0,79,1.65,10.469415807560136,2023-11-14,0,Off-Campus,1685,5,2.6,2023-11-14,-4.938714207789147e-16,1-2
101292,Data Science,29.0,Off-Campus,28.2,10,4,91,1.77,1.6,07-Dec-2023,0,Off-Campus,1772,3,3.0,2023-12-07,-2.4659183837396226,1-2
106152,Business Analytics,25.0,With Family,10.5,20,2,29,2.14,11.4,12/06/2022,1,With Family,3239,3,0.6666666666666666,2022-12-06,0.258725570831728,2-3
103619,Business Analytics,28.0,Off-Campus,13.1,18,5,71,1.77,7.6,2024-02-17,0,Off-Campus,2717,4,2.0,2024-02-17,-0.7977690237979795,1-2
100905,Cybersecurity,22.0,Off-Campus,17.4,30,3,128,2.32,12.0,2024-03-30,1,Off-Campus,2800,5,2.4,2024-03-30,0.42554050682589223,2-3
108004,Business Analytics,30.0,on-campus,14.0,20,1,51,2.79,10.9,12/04/2022,0,On-Campus,3485,4,3.5,2022-12-04,0.1197131241699244,2-3
103836,Cyber Security,26.0,off campus,4.6,18,5,77,2.6,16.8,2022-08-26,0,Off-Campus,4725,3,3.0,2022-08-26,1.760059994779207,2-3
101928,Data Science,31.0,Off-Campus,6.8,35,1,0,1.38,6.5,09/26/2023,0,Off-Campus,2452,4,3.5,2023-09-26,-1.1035964064539474,1-2
101479,Information Technology,24.0,Off-Campus,3.0,10,1,46,2.25,10.469415807560136,2024-03-13,0,Off-Campus,3786,4,3.5,2024-03-13,-4.938714207789147e-16,2-3
108130,Data Science,26.0,Off-Campus,8.4,25,0,64,2.22,10.0,02/14/2024,0,Off-Campus,3427,4,3.25,2024-02-14,-0.13050927982132218,2-3
104529,Cybersecurity,22.0,Off-campus,12.9,18,1,74,2.45,10.2,12-Nov-2023,0,Off-Campus,3122,5,2.8,2023-11-12,-0.07490430115660093,2-3
103330,Information Technology,27.0,Off-Campus,1.7,15,0,28,3.47,10.469415807560136,10/01/2022,1,Off-Campus,4599,4,3.0,2022-10-01,-4.938714207789147e-16,3-4
104053,Information Science,26.0,On-Campus,7.5,15,2,39,1.37,10.469415807560136,2022-09-05,1,On-Campus,1654,5,2.0,2022-09-05,-4.938714207789147e-16,1-2
104763,Cyber Security,21.0,With Family,8.4,30,2,65,2.29,9.6,12/03/2022,0,With Family,3561,4,2.75,2022-12-03,-0.24171923715076515,2-3
107891,Data Science,32.0,off campus,6.8,40,1,54,2.51,14.1,2023-10-13,0,Off-Campus,3961,4,1.0,2023-10-13,1.0093927828054672,2-3
103586,Data Science,21.0,With Family,34.5,12,1,121,1.84,3.2,10/01/2022,0,With Family,2525,4,2.75,2022-10-01,-2.0210785544218512,1-2
107455,Cybersecurity,23.0,off campus,28.3,18,1,90,1.54,5.6,09/01/2022,0,Off-Campus,1949,5,2.0,2022-09-01,-1.353818810445194,1-2
104877,Business Analytics,23.0,Off-Campus,11.1,15,1,13,2.12,10.3,02/11/2024,0,Off-Campus,2962,5,3.6,2024-02-11,-0.047101811824239816,2-3
106795,Business Analytics,24.0,Off-Campus,21.1,20,0,63,1.29,10.469415807560136,12/18/2023,1,Off-Campus,1153,4,3.5,2023-12-18,-4.938714207789147e-16,1-2
104889,Learning Technologies,21.0,With Family,6.7,20,2,65,1.97,7.4,23-Aug-2022,0,With Family,2869,5,2.6666666666666665,2022-08-23,-0.8533740024627008,1-2
104621,Information  Science,22.0,Off-Campus,15.5,28,2,19,1.41,3.0,12/15/2022,0,Off-Campus,2008,4,2.0,2022-12-15,-2.0766835330865727,1-2
108334,Data Science,22.0,with family,11.9,20,0,77,1.57,8.5,30-Aug-2023,1,With Family,2124,5,3.0,2023-08-30,-0.5475466198067329,1-2
104676,Information Science,25.0,Off-Campus,2.3,15,5,63,2.25,12.9,10/18/2023,1,Off-Campus,3806,4,2.5,2023-10-18,0.6757629108171388,2-3
103390,Business Analytics,24.0,With Family,20.8,25,4,62,2.13,6.3,11/02/2023,0,With Family,3338,4,2.3333333333333335,2023-11-02,-1.1592013851186689,2-3
105693,Cyber Security,23.0, On-Campus,13.6,18,7,43,2.59,12.6,09/05/2023,0,On-Campus,3671,4,2.25,2023-09-05,0.5923554428200565,2-3
102077,Business Analytics,24.0,Off-Campus,1.2,30,5,23,1.82,6.4,2022-10-24,0,Off-Campus,2478,5,2.5,2022-10-24,-1.131398895786308,1-2
104583,Information Science,27.0,With Family,10.8,25,1,12,2.1,11.3,04/20/2024,1,With Family,3152,5,2.8,2024-04-20,0.23092308149936738,2-3
102683,Business Analytics,23.0,Off-Campus,39.9,0,2,71,2.57,9.4,02/03/2024,0,Off-Campus,3303,4,2.0,2024-02-03,-0.2973242158154864,2-3
106940,Cybersecurity,26.0,With Family,22.6,35,5,73,2.11,6.5,09/29/2023,0,With Family,2002,3,2.3333333333333335,2023-09-29,-1.1035964064539474,2-3
106854,Business Analytics,27.0,On-Campus,9.3,0,9,84,2.08,13.8,2023-09-06,0,On-Campus,3846,5,2.75,2023-09-06,0.9259853148083854,2-3
105645,Information Technology,29.0,With Family,24.7,15,1,62,2.7,11.1,05-Dec-2022,1,With Family,4243,4,3.5,2022-12-05,0.17531810283464563,2-3
109747,Learning Technologies,19.0,Off-Campus,7.3,5,5,70,2.3,10.469415807560136,28-Oct-2023,0,Off-Campus,3783,5,2.0,2023-10-28,-4.938714207789147e-16,2-3
108800,Business Analytics,26.0,On-Campus,2.0,5,3,46,2.91,13.8,11/16/2022,0,On-Campus,4665,5,3.4,2022-11-16,0.9259853148083854,2-3
100365,Info Technology,23.0,On-Campus,27.7,15,4,51,1.97,8.8,2022-12-02,1,On-Campus,2341,5,2.2,2022-12-02,-0.4641391518096506,1-2
109436,Cybersecurity,24.0,off campus,12.1,35,3,20,2.28,10.5,09/25/2022,0,Off-Campus,3021,3,2.6666666666666665,2022-09-25,0.008503166840481427,2-3
104789,Cybersecurity,22.0,On-Campus,18.0,40,4,61,2.28,6.1,2023-12-14,0,On-Campus,3353,3,3.5,2023-12-14,-1.2148063637833904,2-3
102955,Information Science,22.0,Off-Campus,1.3,12,2,97,2.43,7.1,2023-11-24,1,Off-Campus,3129,4,2.5,2023-11-24,-0.9367814704597831,2-3
103342,Information Science,26.0,Off-Campus,13.5,20,3,80,2.54,10.469415807560136,2024-04-23,0,Off-Campus,3563,5,3.0,2024-04-23,-4.938714207789147e-16,2-3
105476,Cybersecurity,23.0,Off-Campus,7.8,28,1,2,2.07,16.6,20-Oct-2023,0,Off-Campus,4020,5,2.6,2023-10-20,1.7044550161144858,2-3
103898,Cybersecurity,30.0,On-Campus,8.4,20,2,2,3.07,8.3,2024-03-11,0,On-Campus,4420,4,2.0,2024-03-11,-0.6031515984714542,3-4
104883,Cyber Security,29.0,Off-Campus,7.8,18,3,42,2.63,12.6,09/07/2023,1,Off-Campus,4023,4,2.75,2023-09-07,0.5923554428200565,2-3
107154,Cybersecurity,21.0,on-campus,4.4,15,2,23,2.78,11.6,11/04/2023,0,On-Campus,4401,5,1.8,2023-11-04,0.31433054949644923,2-3
108560,Business Analytics,25.0,Off-campus,15.5,35,2,39,0.95,6.2,2024-04-07,0,Off-Campus,1929,4,2.5,2024-04-07,-1.1870038744510294,0-1
103069,Data Science,23.0,On-Campus,3.2,15,6,70,2.26,10.469415807560136,08/29/2022,1,On-Campus,2536,3,3.3333333333333335,2022-08-29,-4.938714207789147e-16,2-3
106129,Business Analytics,27.0,Off-campus,11.2,15,6,82,3.19,10.9,04/21/2024,0,Off-Campus,4272,3,2.6666666666666665,2024-04-21,0.1197131241699244,3-4
100133,Information Technology,22.0,With Family,23.2,40,3,66,1.53,6.6,10/14/2023,0,With Family,1818,4,2.6666666666666665,2023-10-14,-1.0757939171215867,1-2
109871,Data Science,24.0,On-Campus,8.1,18,1,17,1.25,3.4,2022-12-01,1,On-Campus,2289,4,2.75,2022-12-01,-1.9654735757571296,1-2
100485,Learning Technologies,26.0,on-campus,12.5,18,6,10,3.26,13.6,20-Oct-2023,0,On-Campus,4211,5,3.8,2023-10-20,0.8703803361436636,3-4
106041,Cybersecurity,26.0,with family,12.9,20,6,54,3.0,10.5,05/22/2024,0,With Family,3778,5,3.2,2024-05-22,0.008503166840481427,2-3
102530,Cybersecurity,32.0,Off-campus,5.9,15,0,0,0.0,15.1,01/21/2025,0,Off-Campus,5240,4,2.75,2025-01-21,1.2874176761290743,0-1
109164,Cybersecurity,23.0,With Family,10.2,5,2,64,2.88,7.2,07-Dec-2022,0,With Family,3512,4,1.25,2022-12-07,-0.9089789811274223,2-3
104597,Cybersecurity,30.0,With Family,4.4,10,2,52,2.32,4.8,09/18/2023,0,With Family,2675,4,2.25,2023-09-18,-1.5762387251040797,2-3
108724,Cybersecurity,34.0,Off-campus,13.8,18,0,23,2.88,16.4,11/05/2023,0,Off-Campus,3712,5,3.2,2023-11-05,1.6488500374497634,2-3
105970,Cybersecurity,26.0,On-Campus,10.7,20,1,82,1.84,5.8,04/01/2024,0,On-Campus,2679,3,2.0,2024-04-01,-1.2982138317804723,1-2
104915,Cybersecurity,22.0,On-Campus,16.8,10,3,11,0.39,10.469415807560136,2022-08-29,0,On-Campus,1083,3,3.0,2022-08-29,-4.938714207789147e-16,0-1
108281,Info Technology,23.0,Off-Campus,4.9,30,3,20,2.32,10.469415807560136,11/03/2022,0,Off-Campus,2346,5,2.0,2022-11-03,-4.938714207789147e-16,2-3
106505,Information Technology,25.0,On-Campus,13.6,25,1,60,2.24,10.469415807560136,10/07/2023,0,On-Campus,1961,4,2.5,2023-10-07,-4.938714207789147e-16,2-3
109852,Learning Technologies,25.0,Off-Campus,24.1,20,5,74,2.66,13.9,10/08/2022,0,Off-Campus,2737,4,2.25,2022-10-08,0.9537878041407459,2-3
108269,Data Science,27.0,Off-Campus,9.9,10,3,0,0.0,10.6,2025-01-15,0,Off-Campus,3616,4,1.75,2025-01-15,0.036305656172842045,0-1
109291,Data Science,29.0,Off-Campus,2.5,35,1,16,1.88,6.1,2023-10-31,0,Off-Campus,2320,5,3.25,2023-10-31,-1.2148063637833904,1-2
108143,Learning Technologies,25.0,On-Campus,38.2,15,1,21,1.87,6.9,04-Sep-2022,0,On-Campus,2564,5,2.4,2022-09-04,-0.9923864491245044,1-2
107832,Business Analytics,23.0,On-Campus,46.7,0,0,40,1.95,4.6,11/30/2023,0,On-Campus,2515,5,1.4,2023-11-30,-1.6318437037688012,1-2
106983,DataScience,26.0,Off-Campus,1.1,40,3,86,2.38,5.8,02/28/2024,1,Off-Campus,2603,5,2.6,2024-02-28,-1.2982138317804723,2-3
106572,Information Science,28.0,Off-Campus,1.7,20,1,5,2.11,15.6,11/01/2022,0,Off-Campus,3958,3,3.3333333333333335,2022-11-01,1.426430122790878,2-3
105988,Cybersecurity,26.0,Off-Campus,8.7,0,5,54,3.08,15.4,11-Feb-2024,0,Off-Campus,5083,4,3.5,2024-02-11,1.3708251441261567,3-4
109161,Information Science,21.0,Off-Campus,4.3,0,9,103,1.98,11.1,19-Nov-2022,0,Off-Campus,2490,5,2.0,2022-11-19,0.17531810283464563,1-2
100135,Cybersecurity,20.0,on-campus,8.7,10,4,85,2.89,14.0,2024-02-24,0,On-Campus,3764,4,3.0,2024-02-24,0.9815902934731066,2-3
105568,Cybersecurity,24.0,Off-Campus,17.2,18,0,0,2.22,6.9,2022-12-16,0,Off-Campus,2824,5,2.4,2022-12-16,-0.9923864491245044,2-3
104072,Cybersecurity,28.0,On-Campus,26.7,25,1,22,1.34,10.469415807560136,05/16/2024,1,On-Campus,980,4,3.5,2024-05-16,-4.938714207789147e-16,1-2
103001,Information Science,24.0,Off-Campus,7.9,20,1,38,2.09,7.9,2024-05-03,0,Off-Campus,2170,3,3.6666666666666665,2024-05-03,-0.7143615558008972,2-3
109593,Cybersecurity,30.0,off campus,5.6,0,0,54,1.93,10.469415807560136,11/09/2022,0,Off-Campus,2031,5,2.6,2022-11-09,-4.938714207789147e-16,1-2
104612,Data Science,21.0, On-Campus,4.5,12,0,39,2.77,10.6,21-Apr-2024,0,On-Campus,3335,5,2.8,2024-04-21,0.036305656172842045,2-3
103298,Cybersecurity,28.0,Off-Campus,5.7,25,2,82,1.97,8.3,11/30/2022,0,Off-Campus,2347,3,2.0,2022-11-30,-0.6031515984714542,1-2
103717,Cybersecurity,26.0,Off-Campus,4.3,0,3,12,2.3,5.8,12/12/2022,0,Off-Campus,3120,5,2.75,2022-12-12,-1.2982138317804723,2-3
104639,Information Technology,26.0,With Family,0.2,20,0,28,3.19,14.8,2022-09-02,1,With Family,4256,5,1.6666666666666667,2022-09-02,1.2040102081319926,3-4
106855,Cybersecurity,28.0,Off-Campus,13.2,30,6,100,2.34,15.1,10/26/2023,1,Off-Campus,3705,4,3.5,2023-10-26,1.2874176761290743,2-3
104020,Data Science,22.0,off campus,9.5,10,7,69,2.97,16.6,10/29/2022,0,Off-Campus,4526,4,3.5,2022-10-29,1.7044550161144858,2-3
104222,Learning Technologies,21.0,Off-Campus,29.1,5,4,19,2.47,12.6,02/05/2024,0,Off-Campus,3236,4,2.0,2024-02-05,0.5923554428200565,2-3
101226,Data Science,25.0,Off-Campus,3.3,15,2,0,2.03,7.7,11/04/2023,1,Off-Campus,3102,4,2.5,2023-11-04,-0.7699665344656187,2-3
102859,Learning Technologies,24.0,Off-Campus,19.5,10,0,0,2.98,13.5,2024-04-20,0,Off-Campus,3726,3,3.3333333333333335,2024-04-20,0.842577846811303,2-3
103058,Information Science,24.0,With Family,8.8,5,1,75,2.13,8.8,2023-11-12,0,With Family,3581,5,2.4,2023-11-12,-0.4641391518096506,2-3
103727,Information  Science,23.0,Off-Campus,0.7,0,2,43,2.99,8.2,2022-08-24,0,Off-Campus,3802,4,2.6666666666666665,2022-08-24,-0.6309540878038153,2-3
102726,Learning Technologies,23.0,Off-Campus,23.1,28,1,45,2.13,10.1,10/08/2022,0,Off-Campus,2557,5,3.6,2022-10-08,-0.10270679048896154,2-3
105401,Learning Technologies,25.0,On-Campus,3.7,10,1,59,2.28,10.469415807560136,2022-10-23,0,On-Campus,1948,3,2.3333333333333335,2022-10-23,-4.938714207789147e-16,2-3
101568,Learning Technologies,20.0,With Family,27.0,20,0,94,1.2,6.1,2024-04-30,0,With Family,1720,5,2.4,2024-04-30,-1.2148063637833904,1-2
106608,Cybersecurity,27.0,Off-Campus,8.1,25,8,17,2.09,8.6,2023-11-27,0,Off-Campus,3504,5,2.4,2023-11-27,-0.5197441304743723,2-3
101988,Cybersecurity,20.0,On-Campus,8.8,0,2,0,0.0,2.7,01/13/2025,0,On-Campus,1980,3,3.3333333333333335,2025-01-13,-2.1600910010836545,0-1
102237,Learning Technologies,23.0,Off-Campus,51.3,12,5,90,2.63,10.1,03/01/2024,0,Off-Campus,3687,5,3.2,2024-03-01,-0.10270679048896154,2-3
103204,Data Science,24.0,Off-Campus,4.3,28,1,22,0.85,10.469415807560136,11/16/2022,0,Off-Campus,1153,3,3.0,2022-11-16,-4.938714207789147e-16,0-1
106998,Learning Technologies,21.0,With Family,11.2,0,0,0,3.26,16.9,09/15/2023,0,With Family,4917,4,3.25,2023-09-15,1.7878624841115671,3-4
100492,Business Analytics,31.0,With Family,15.3,30,2,37,1.61,9.2,2023-08-22,1,With Family,2265,5,1.6,2023-08-22,-0.3529291944802081,1-2
102024,Cybersecurity,20.0,On-Campus,28.1,30,2,57,1.76,6.2,10/19/2022,0,On-Campus,2002,4,3.75,2022-10-19,-1.1870038744510294,1-2
106478,Business Analytics,28.0,With Family,1.4,20,1,83,1.29,3.2,2022-08-24,1,With Family,692,5,2.6,2022-08-24,-2.0210785544218512,1-2
104860,Data Science,29.0,On-Campus,2.9,28,5,85,2.88,12.0,2022-09-14,0,On-Campus,4554,4,2.75,2022-09-14,0.42554050682589223,2-3
103275,Learning Technologies,24.0,With Family,38.5,15,4,65,2.41,8.3,02/08/2024,0,With Family,3172,4,2.75,2024-02-08,-0.6031515984714542,2-3
104766,Information Science,28.0,On-Campus,8.5,5,3,32,3.42,16.7,11/11/2023,0,On-Campus,4768,4,2.75,2023-11-11,1.7322575054468459,3-4
106496,Cybersecurity,22.0,Off-Campus,5.8,40,5,51,2.62,15.0,03/26/2024,0,Off-Campus,4520,4,2.5,2024-03-26,1.2596151867967138,2-3
105750,Business Analytics,26.0,With Family,2.4,30,5,65,2.88,15.9,29-Aug-2022,0,With Family,4325,5,2.2,2022-08-29,1.5098375907879604,2-3
107644,Data Science,28.0,on-campus,10.0,10,5,43,3.49,19.0,06-Nov-2022,0,On-Campus,5199,3,3.0,2022-11-06,2.371714760091143,3-4
106027,Information Technology,19.0,Off-Campus,2.0,28,4,46,2.78,17.3,30-Nov-2023,0,Off-Campus,4487,3,3.0,2023-11-30,1.8990724414410105,2-3
102961,Business Analytics,24.0,Off-Campus,7.1,35,0,3,2.5,10.469415807560136,10/07/2023,0,Off-Campus,2959,3,2.6666666666666665,2023-10-07,-4.938714207789147e-16,2-3
101150,Business Analytics,24.0,on-campus,30.2,30,3,53,1.38,7.4,07-Dec-2022,0,On-Campus,2700,5,2.75,2022-12-07,-0.8533740024627008,1-2
105090,Cybersecurity,22.0,Off-Campus,2.8,0,5,42,3.09,12.6,11/05/2023,0,Off-Campus,4256,3,3.3333333333333335,2023-11-05,0.5923554428200565,3-4
103905,Data Science,29.0,On-Campus,8.8,18,2,73,3.66,11.5,24-Oct-2022,0,On-Campus,4440,3,3.3333333333333335,2022-10-24,0.2865280601640886,3-4
108386,Business Analytics,25.0,With Family,46.2,10,1,82,1.98,12.5,05/01/2024,0,With Family,2909,5,2.8,2024-05-01,0.5645529534876959,1-2
102194,Information Science,27.0,Off-Campus,8.1,25,3,30,2.22,12.8,07-Apr-2024,0,Off-Campus,3859,3,3.0,2024-04-07,0.6479604214847782,2-3
106303,Information Science,26.0,Off-Campus,16.3,20,2,75,1.2,5.8,2022-12-20,0,Off-Campus,1028,5,2.2,2022-12-20,-1.2982138317804723,1-2
106401,Data Science,27.0,With Family,8.9,35,1,63,2.28,8.9,19-Nov-2023,1,With Family,2642,5,3.2,2023-11-19,-0.43633666247728997,2-3
108733,Information Technology,21.0,Off-campus,2.5,0,2,43,2.28,7.5,04/01/2024,0,Off-Campus,2847,3,3.0,2024-04-01,-0.8255715131303402,2-3
100478,Business Analytics,27.0,on-campus,12.4,0,1,13,2.4,7.1,12/08/2023,1,On-Campus,2861,5,3.2,2023-12-08,-0.9367814704597831,2-3
100685,Business Analytics,23.0,With Family,17.7,12,6,56,2.26,9.6,12/08/2022,0,With Family,3445,5,2.4,2022-12-08,-0.24171923715076515,2-3
106425,Cyber Security,25.0,Off-Campus,38.5,18,2,15,2.57,8.8,12/04/2022,1,Off-Campus,2452,3,4.0,2022-12-04,-0.4641391518096506,2-3
109736,Information Technology,30.0,Off-campus,28.5,10,1,67,2.68,10.5,2024-04-09,0,Off-Campus,3359,4,2.75,2024-04-09,0.008503166840481427,2-3
108928,Information Technology,29.0,Off-campus,1.5,12,1,33,2.73,13.9,11/03/2023,1,Off-Campus,3543,4,2.5,2023-11-03,0.9537878041407459,2-3
105317,Data Science,24.0,Off-Campus,7.6,30,1,42,1.74,10.5,2024-02-06,0,Off-Campus,2764,4,3.0,2024-02-06,0.008503166840481427,1-2
102608,Cybersecurity,22.0,On-Campus,10.7,25,3,57,2.28,15.7,2024-02-02,1,On-Campus,3803,4,2.5,2024-02-02,1.4542326121232387,2-3
103498,Cybersecurity,20.0,Off-Campus,3.4,28,5,87,1.97,9.8,08-Sep-2022,0,Off-Campus,3094,3,2.0,2022-09-08,-0.1861142584860434,1-2
108602,Information Technology,23.0,On-Campus,4.2,15,5,42,2.38,6.0,09-Mar-2024,0,On-Campus,2491,5,2.75,2024-03-09,-1.2426088531157509,2-3
107971,Learning Technologies,25.0,off campus,3.3,18,2,90,2.73,13.9,02/22/2024,0,Off-Campus,4239,4,3.0,2024-02-22,0.9537878041407459,2-3
108749,Information Technology,30.0,Off-Campus,5.5,30,3,31,2.35,8.2,2022-10-09,0,Off-Campus,2883,5,1.6,2022-10-09,-0.6309540878038153,2-3
109121,Information Science,27.0,With Family,11.4,18,5,42,2.19,7.9,22-Nov-2023,0,With Family,2726,5,3.0,2023-11-22,-0.7143615558008972,2-3
108965,Cybersecurity,31.0,On-Campus,13.0,18,0,52,1.49,5.6,2022-11-16,0,On-Campus,2295,4,1.5,2022-11-16,-1.353818810445194,1-2
102671,Cybersecurity,33.0,On-Campus,27.3,15,1,71,0.0,10.469415807560136,02-Oct-2023,0,On-Campus,1305,5,1.8,2023-10-02,-4.938714207789147e-16,0-1
101091,Cybersecurity,28.0,On-Campus,1.6,30,3,74,1.53,3.5,09/09/2022,0,On-Campus,2355,5,3.0,2022-09-09,-1.937671086424769,1-2
103703,Information Technology,26.0,Off-Campus,20.5,5,3,31,2.28,5.4,2024-02-05,0,Off-Campus,2029,4,2.5,2024-02-05,-1.409423789109915,2-3
109636,Information Technology,34.0,With Family,17.3,28,1,71,1.19,10.469415807560136,03/12/2024,0,With Family,2061,4,3.0,2024-03-12,-4.938714207789147e-16,1-2
102593,Cybersecurity,27.0,On-Campus,17.4,30,1,98,1.78,6.0,2022-10-28,0,On-Campus,2113,3,3.3333333333333335,2022-10-28,-1.2426088531157509,1-2
104536,Learning Technologies,28.0,On-Campus,6.8,0,3,82,3.01,12.8,12/07/2023,0,On-Campus,4410,3,3.3333333333333335,2023-12-07,0.6479604214847782,3-4
104885,Learning Technologies,26.0,On-Campus,0.4,20,3,0,2.53,19.7,05/19/2024,0,On-Campus,4463,4,3.25,2024-05-19,2.5663321854176675,2-3
100911,Data Science,20.0,Off-Campus,6.0,10,3,62,3.55,16.1,12/06/2023,0,Off-Campus,4806,4,3.5,2023-12-06,1.5654425694526821,3-4
104142,Learning Technologies,29.0,On-Campus,9.5,30,5,37,3.13,11.8,10/02/2023,1,On-Campus,3770,4,3.5,2023-10-02,0.369935528161171,3-4
104473,Business Analytics,23.0,Off-Campus,5.1,12,2,72,2.87,13.5,05/05/2024,0,Off-Campus,4716,3,3.5,2024-05-05,0.842577846811303,2-3
104352,Data Science,25.0, On-Campus,12.7,10,3,68,2.73,10.2,10/19/2023,0,On-Campus,3386,5,2.6,2023-10-19,-0.07490430115660093,2-3
104836,Information Technology,28.0,On-Campus,9.4,30,1,33,1.53,10.469415807560136,18-Mar-2024,0,On-Campus,1987,4,0.0,2024-03-18,-4.938714207789147e-16,1-2
106599,Business Analytics,24.0,Off-Campus,30.2,10,1,0,1.82,6.9,08-Nov-2023,0,Off-Campus,3021,3,3.3333333333333335,2023-11-08,-0.9923864491245044,1-2
107855,DataScience,23.0,Off-Campus,3.8,28,4,39,2.09,7.1,05/21/2024,0,Off-Campus,2785,4,2.6666666666666665,2024-05-21,-0.9367814704597831,2-3
101480,Data Science,25.0,Off-Campus,8.5,30,2,45,2.1,7.9,09/25/2022,0,Off-Campus,3537,5,3.4,2022-09-25,-0.7143615558008972,2-3
103042,Information Science,32.0,Off-Campus,13.7,0,5,84,3.35,13.7,09/01/2022,0,Off-Campus,4832,3,4.0,2022-09-01,0.8981828254760242,3-4
108033,Data Science,25.0,Off-Campus,8.0,20,1,32,1.78,6.5,12/05/2022,1,Off-Campus,2210,5,2.0,2022-12-05,-1.1035964064539474,1-2
104585,DataScience,21.0,Off-Campus,20.1,20,1,19,2.12,9.0,11/20/2023,0,Off-Campus,2852,5,3.2,2023-11-20,-0.40853417314492935,2-3
108848,Cyber Security,22.0,Off-Campus,17.6,20,2,45,1.77,5.5,09/09/2022,0,Off-Campus,2612,5,3.0,2022-09-09,-1.3816212997775545,1-2
109202,Information Technology,22.0,Off-Campus,10.9,10,2,54,3.08,17.2,11/17/2022,0,Off-Campus,5153,4,2.25,2022-11-17,1.8712699521086493,3-4
102938,Cybersecurity,27.0,With Family,3.0,30,1,75,1.82,8.2,31-Aug-2022,0,With Family,3049,3,2.6666666666666665,2022-08-31,-0.6309540878038153,1-2
105272,Cybersecurity,25.0, On-Campus,26.3,25,5,18,2.07,10.469415807560136,2022-12-11,1,On-Campus,2795,3,3.3333333333333335,2022-12-11,-4.938714207789147e-16,2-3
107774,Cybersecurity,30.0,Off-Campus,13.1,15,3,55,4.0,12.2,02/07/2024,0,Off-Campus,5047,3,2.6666666666666665,2024-02-07,0.4811454854906135,3-4
105076,Data Science,24.0,Off-Campus,15.5,28,4,66,2.49,11.3,11/14/2022,1,Off-Campus,3242,4,3.75,2022-11-14,0.23092308149936738,2-3
108424,Cyber Security,23.0,Off-Campus,10.9,30,3,84,2.81,15.0,12/12/2023,0,Off-Campus,4039,3,3.3333333333333335,2023-12-12,1.2596151867967138,2-3
105487,Learning Technologies,23.0,off campus,19.6,18,1,58,1.61,7.6,03/24/2024,0,Off-Campus,2352,5,3.2,2024-03-24,-0.7977690237979795,1-2
105676,Info Technology,20.0,On-Campus,8.1,20,1,0,0.0,10.0,2025-01-22,0,On-Campus,3954,5,2.5,2025-01-22,-0.13050927982132218,0-1
101223,Business Analytics,27.0,Off-campus,14.4,40,3,38,2.55,9.9,2024-03-07,0,Off-Campus,3385,5,2.4,2024-03-07,-0.15831176915368278,2-3
107835,Cybersecurity,25.0,Off-Campus,18.0,20,0,75,1.11,10.469415807560136,2023-12-15,0,Off-Campus,1414,5,3.25,2023-12-15,-4.938714207789147e-16,1-2
104342,Cyber Security,30.0,On-Campus,6.8,12,2,2,3.62,18.2,10/30/2022,0,On-Campus,4920,5,2.6,2022-10-30,2.1492948454322565,3-4
103408,Cyber Security,28.0,On-Campus,10.1,0,4,68,3.2,11.4,02/05/2024,0,On-Campus,4367,4,2.5,2024-02-05,0.258725570831728,3-4
105840,Data Science,24.0,Off-Campus,3.9,35,2,75,2.28,9.0,08/21/2023,0,Off-Campus,3314,4,3.0,2023-08-21,-0.40853417314492935,2-3
104931,Information Science,22.0,With Family,5.1,18,2,75,3.27,15.6,02/18/2024,0,With Family,4442,3,2.0,2024-02-18,1.426430122790878,3-4
109647,Cybersecurity,39.0,on-campus,15.7,30,4,80,1.65,10.469415807560136,10/24/2022,0,On-Campus,1716,5,3.6,2022-10-24,-4.938714207789147e-16,1-2
109340,Information Science,22.0,Off-Campus,8.9,10,1,2,2.32,12.5,2022-12-05,0,Off-Campus,3630,5,2.5,2022-12-05,0.5645529534876959,2-3
104044,Business Analytics,22.0,On-Campus,6.9,30,3,55,1.96,10.469415807560136,10/09/2022,0,On-Campus,2131,4,3.5,2022-10-09,-4.938714207789147e-16,1-2
105997,Cybersecurity,19.0,With Family,9.7,28,1,39,0.0,10.469415807560136,11/18/2023,0,With Family,1229,4,3.5,2023-11-18,-4.938714207789147e-16,0-1
104825,Cyber Security,27.0,with family,13.2,40,2,90,1.2,10.469415807560136,03/04/2024,1,With Family,1335,3,4.0,2024-03-04,-4.938714207789147e-16,1-2
105896,Business Analytics,27.0,With Family,32.2,40,2,31,1.72,6.3,12/11/2022,0,With Family,2069,4,2.5,2022-12-11,-1.1592013851186689,1-2
103867,Cybersecurity,26.0,With Family,0.7,20,0,39,3.02,11.1,05/04/2024,0,With Family,4001,3,3.3333333333333335,2024-05-04,0.17531810283464563,3-4
106975,Cyber Security,27.0,on-campus,28.2,18,1,39,1.95,7.7,10/30/2022,0,On-Campus,2730,5,3.0,2022-10-30,-0.7699665344656187,1-2
109762,Information Technology,30.0,On-Campus,26.4,0,1,81,2.66,11.2,2024-02-26,1,On-Campus,3387,3,3.0,2024-02-26,0.20312059216700626,2-3
108825,Cybersecurity,21.0,Off-Campus,11.7,10,3,44,2.05,8.3,2023-08-29,0,Off-Campus,3375,5,3.2,2023-08-29,-0.6031515984714542,2-3
109676,Learning Technologies,26.0,On-Campus,7.2,15,0,0,1.93,11.7,2022-09-23,0,On-Campus,3475,4,3.6666666666666665,2022-09-23,0.34213303882880985,1-2
106951,Cybersecurity,23.0,Off-Campus,13.8,20,2,31,1.71,6.7,02-Oct-2023,1,Off-Campus,2466,5,1.75,2023-10-02,-1.047991427789226,1-2
104782,Information Science,20.0,Off-Campus,0.8,25,1,63,2.19,11.6,11-Oct-2022,0,Off-Campus,4118,4,2.5,2022-10-11,0.31433054949644923,2-3
104756,Info Technology,30.0,Off-Campus,8.8,10,3,37,2.51,8.2,2024-03-31,0,Off-Campus,3194,4,2.5,2024-03-31,-0.6309540878038153,2-3
102836,Information Technology,20.0,Off-Campus,5.8,15,4,34,2.76,14.1,25-Aug-2022,0,Off-Campus,3976,4,1.75,2022-08-25,1.0093927828054672,2-3
105475,Business Analytics,28.0,Off-Campus,17.5,20,3,46,1.73,5.5,2024-02-11,0,Off-Campus,1983,4,2.5,2024-02-11,-1.3816212997775545,1-2
109701,Business Analytics,27.0,With Family,15.3,10,1,30,2.05,7.0,2024-05-28,0,With Family,2033,4,2.25,2024-05-28,-0.9645839597921437,2-3
107830,Information Technology,22.0,On-Campus,9.8,5,6,81,3.27,18.7,2024-03-03,0,On-Campus,5133,5,1.8,2024-03-03,2.28830729209406,3-4
106280,Information Science,27.0,On-Campus,14.3,12,3,28,2.61,14.7,2022-11-19,0,On-Campus,4115,3,2.5,2022-11-19,1.1762077187996314,2-3
101798,Data Science,23.0,Off-Campus,37.4,5,1,48,2.57,11.7,2023-10-17,0,Off-Campus,4326,3,2.6666666666666665,2023-10-17,0.34213303882880985,2-3
107893,Cybersecurity,25.0,Off-Campus,4.4,18,4,78,2.32,11.0,05/03/2024,0,Off-Campus,3075,4,1.0,2024-05-03,0.14751561350228504,2-3
107349,Information Technology,23.0,Off-Campus,11.8,18,3,45,3.03,18.8,2024-03-29,0,Off-Campus,4728,3,2.6666666666666665,2024-03-29,2.3161097814264213,3-4
109617,Data Science,24.0, On-Campus,5.6,40,3,45,2.1,9.6,10/31/2022,0,On-Campus,3125,4,2.75,2022-10-31,-0.24171923715076515,2-3
109175,Cybersecurity,23.0,With Family,3.0,12,3,59,3.1,12.0,2023-10-19,0,With Family,4288,5,2.8,2023-10-19,0.42554050682589223,3-4
100300,Learning Technologies,29.0,With Family,10.3,30,1,63,2.2,9.9,03/31/2024,0,With Family,3384,4,3.0,2024-03-31,-0.15831176915368278,2-3
109492,DataScience,30.0,On-Campus,6.3,15,3,21,2.94,17.2,2024-02-13,0,On-Campus,4621,3,2.3333333333333335,2024-02-13,1.8712699521086493,2-3
109006,Cybersecurity,22.0,On-Campus,17.8,20,1,55,2.1,8.6,11/13/2023,0,On-Campus,2657,3,4.0,2023-11-13,-0.5197441304743723,2-3
108508,Learning Technologies,21.0,Off-Campus,1.3,15,1,14,2.91,11.6,05/23/2024,1,Off-Campus,4584,3,2.0,2024-05-23,0.31433054949644923,2-3
106842,Information Science,24.0,With Family,16.0,5,5,44,2.36,9.5,10/31/2022,0,With Family,2613,4,2.0,2022-10-31,-0.2695217264831258,2-3
101826,Cyber Security,28.0,On-Campus,17.7,12,2,27,2.98,11.6,09/10/2023,0,On-Campus,3816,4,3.75,2023-09-10,0.31433054949644923,2-3
102580,Cybersecurity,31.0,on-campus,4.8,25,2,50,2.7,12.9,02/06/2024,0,On-Campus,4200,4,3.75,2024-02-06,0.6757629108171388,2-3
100077,Information Technology,28.0,On-Campus,10.8,0,0,102,2.02,7.2,04/24/2024,1,On-Campus,2294,5,3.4,2024-04-24,-0.9089789811274223,2-3
105526,Information Science,22.0,On-Campus,19.3,25,3,99,1.91,7.2,10/16/2022,0,On-Campus,2748,5,3.2,2022-10-16,-0.9089789811274223,1-2
107391,Business Analytics,23.0,On-Campus,6.6,25,2,25,2.69,13.0,2022-12-03,0,On-Campus,3511,3,3.3333333333333335,2022-12-03,0.7035654001494994,2-3
100161,Information Science,26.0,On-Campus,4.1,15,4,8,3.45,19.1,09/24/2023,1,On-Campus,5258,3,3.0,2023-09-24,2.3995172494235035,3-4
107878,Cybersecurity,25.0,With Family,9.5,30,3,71,2.39,15.8,15-Nov-2023,0,With Family,4336,3,3.3333333333333335,2023-11-15,1.4820351014555997,2-3
103635,Information Science,25.0,Off-campus,3.7,5,3,96,3.71,15.0,09/13/2022,0,Off-Campus,5230,4,2.25,2022-09-13,1.2596151867967138,3-4
107536,Cybersecurity,27.0,On-Campus,7.5,20,1,36,2.0,8.7,17-Sep-2023,0,On-Campus,3631,3,2.0,2023-09-17,-0.4919416411420117,1-2
104973,Cybersecurity,21.0,off campus,4.6,0,1,9,2.13,10.4,11/03/2023,0,Off-Campus,3429,4,3.6666666666666665,2023-11-03,-0.019299322491879194,2-3
104228,Cybersecurity,32.0,Off-Campus,12.0,40,1,77,2.12,10.469415807560136,08/27/2022,0,Off-Campus,2785,3,0.6666666666666666,2022-08-27,-4.938714207789147e-16,2-3
106255,Learning Technologies,31.0, On-Campus,10.3,10,2,0,0.0,12.3,2025-01-17,0,On-Campus,3512,5,2.8,2025-01-17,0.5089479748229746,0-1
108403,Business Analytics,25.0,Off-Campus,3.9,20,1,74,2.18,12.6,2022-11-22,0,Off-Campus,2560,5,3.4,2022-11-22,0.5923554428200565,2-3
103303,Business Analytics,22.0,On-Campus,8.5,30,0,47,1.38,8.4,12/03/2023,0,On-Campus,2262,4,3.5,2023-12-03,-0.5753491091390935,1-2
108770,Information Technology,25.0,On-Campus,11.2,28,1,79,2.97,12.3,09/01/2023,0,On-Campus,3903,5,2.8,2023-09-01,0.5089479748229746,2-3
100564,Data Science,31.0,on-campus,9.4,0,1,43,1.66,6.1,24-Oct-2022,0,On-Campus,2722,3,2.3333333333333335,2022-10-24,-1.2148063637833904,1-2
108316,Business Analytics,28.0,On-Campus,12.5,0,6,24,3.23,14.5,20-Mar-2024,0,On-Campus,3872,4,2.5,2024-03-20,1.1206027401349101,3-4
103606,Cybersecurity,22.0,Off-Campus,4.0,0,0,72,1.48,11.2,2022-10-20,0,Off-Campus,2174,3,2.3333333333333335,2022-10-20,0.20312059216700626,1-2
105127,Data Science,25.0,With Family,8.7,18,2,28,2.52,10.7,2022-09-09,1,With Family,3257,5,3.4,2022-09-09,0.06410814550520266,2-3
106007,Cybersecurity,22.0,Off-Campus,14.8,28,2,45,2.04,7.8,22-Sep-2022,0,Off-Campus,2608,5,3.2,2022-09-22,-0.7421640451332581,2-3
102883,Cyber Security,28.0,Off-Campus,10.0,18,3,63,2.71,11.8,11/14/2022,0,Off-Campus,4099,5,3.2,2022-11-14,0.369935528161171,2-3
100544,Data Science,25.0,With Family,16.5,15,0,70,1.84,5.7,22-Apr-2024,0,With Family,2054,4,3.0,2024-04-22,-1.326016321112833,1-2
106175,Cybersecurity,21.0,With Family,2.3,5,2,47,3.0,11.7,11/01/2023,0,With Family,4545,5,2.8,2023-11-01,0.34213303882880985,2-3
107026,Business Analytics,26.0,With Family,12.3,30,1,65,2.04,10.0,2023-12-17,0,With Family,2927,3,1.3333333333333333,2023-12-17,-0.13050927982132218,2-3
108181,Business Analytics,22.0,Off-Campus,11.1,20,3,39,2.56,13.1,04/30/2024,0,Off-Campus,4410,5,2.3333333333333335,2024-04-30,0.73136788948186,2-3
109962,Information Technology,19.0,Off-Campus,31.4,10,1,108,1.75,10.469415807560136,2022-09-20,1,Off-Campus,1069,3,3.5,2022-09-20,-4.938714207789147e-16,1-2
100483,Data Science,22.0,With Family,28.7,18,5,54,1.41,11.6,11/03/2023,0,With Family,2334,3,3.6666666666666665,2023-11-03,0.31433054949644923,1-2
103973,Data Science,28.0,with family,7.1,30,1,42,2.36,7.7,10/17/2022,1,With Family,2779,3,2.6666666666666665,2022-10-17,-0.7699665344656187,2-3
108265,Information Technology,22.0,Off-Campus,6.0,30,4,100,2.83,12.2,03/17/2024,0,Off-Campus,3794,5,2.2,2024-03-17,0.4811454854906135,2-3
101333,Data Science,23.0,On-Campus,10.4,0,2,68,2.85,11.3,04/16/2024,0,On-Campus,4346,3,2.6666666666666665,2024-04-16,0.23092308149936738,2-3
105132,Cybersecurity,32.0,With Family,21.5,12,2,116,2.57,9.9,12/17/2022,0,With Family,3440,5,2.6,2022-12-17,-0.15831176915368278,2-3
103420,Learning Technologies,22.0,Off-Campus,10.4,20,2,93,2.62,10.4,05/11/2024,1,Off-Campus,3522,5,3.5,2024-05-11,-0.019299322491879194,2-3
103995,Information Technology,25.0,on-campus,2.4,15,0,44,2.49,11.2,11/25/2022,0,On-Campus,4235,4,2.75,2022-11-25,0.20312059216700626,2-3
105556,Cybersecurity,20.0,Off-Campus,19.9,30,1,45,2.28,8.2,2022-11-17,1,Off-Campus,3077,4,3.0,2022-11-17,-0.6309540878038153,2-3
105333,Cybersecurity,25.0,Off-Campus,12.6,10,3,42,2.41,10.0,13-Nov-2022,0,Off-Campus,3287,3,3.6666666666666665,2022-11-13,-0.13050927982132218,2-3
109858,Data Science,38.0,On-Campus,1.8,25,2,66,2.39,10.469415807560136,12/19/2022,0,On-Campus,2727,4,3.0,2022-12-19,-4.938714207789147e-16,2-3
106185,Cybersecurity,23.0, On-Campus,2.5,30,0,0,0.38,2.4,08/23/2022,1,On-Campus,1252,5,2.2,2022-08-23,-2.2434984690807367,0-1
109868,Learning Technologies,23.0,With Family,14.6,20,0,24,2.14,9.3,2023-10-02,1,With Family,1883,3,3.3333333333333335,2023-10-02,-0.32512670514784703,2-3
103039,Learning Technologies,25.0,Off-Campus,18.0,15,2,50,2.41,12.3,2024-05-26,0,Off-Campus,3757,5,2.8,2024-05-26,0.5089479748229746,2-3
104207,Business Analytics,26.0,Off-Campus,12.5,18,4,39,2.36,15.9,21-May-2024,0,Off-Campus,3855,5,3.2,2024-05-21,1.5098375907879604,2-3
100692,Business Analytics,22.0,Off-Campus,8.1,18,3,116,2.96,14.9,05-Apr-2024,1,Off-Campus,4047,5,3.2,2024-04-05,1.2318126974643533,2-3
100236,Cyber Security,20.0,With Family,11.0,28,3,31,2.5,9.0,10/23/2022,0,With Family,4383,4,2.5,2022-10-23,-0.40853417314492935,2-3
104686,Cybersecurity,24.0,Off-Campus,7.9,12,2,59,2.18,10.469415807560136,10/13/2023,1,Off-Campus,3067,5,3.0,2023-10-13,-4.938714207789147e-16,2-3
102199,Cybersecurity,25.0,off campus,12.5,5,1,88,1.8,4.9,30-Apr-2024,0,Off-Campus,2129,3,2.6666666666666665,2024-04-30,-1.5484362357717187,1-2
108993,Information  Science,26.0,On-Campus,19.6,40,0,105,0.0,10.469415807560136,10/12/2022,0,On-Campus,1008,5,2.2,2022-10-12,-4.938714207789147e-16,0-1
109399,Cybersecurity,25.0,Off-Campus,37.1,10,0,1,1.68,6.4,12/14/2022,0,Off-Campus,2187,4,3.5,2022-12-14,-1.131398895786308,1-2
102982,Data Science,25.0,On-Campus,4.6,30,1,73,2.07,9.2,11/02/2023,0,On-Campus,3327,5,2.0,2023-11-02,-0.3529291944802081,2-3
103683,Cybersecurity,23.0,Off-Campus,18.8,28,0,71,3.11,13.1,03/08/2024,0,Off-Campus,3803,3,4.0,2024-03-08,0.73136788948186,3-4
107996,Learning Technologies,24.0,Off-Campus,9.1,15,3,50,3.08,16.7,04/23/2024,0,Off-Campus,5177,3,1.6666666666666667,2024-04-23,1.7322575054468459,3-4
104935,Cybersecurity,21.0,Off-Campus,32.9,0,3,77,1.56,10.469415807560136,09/18/2022,1,Off-Campus,1023,5,3.2,2022-09-18,-4.938714207789147e-16,1-2
103237,Information Science,21.0,On-Campus,5.7,5,2,42,2.25,12.9,05-Sep-2023,0,On-Campus,2520,5,2.4,2023-09-05,0.6757629108171388,2-3
103256,Cybersecurity,21.0,Off-Campus,7.2,15,3,69,2.75,7.4,11/15/2022,0,Off-Campus,3125,4,2.5,2022-11-15,-0.8533740024627008,2-3
103278,Cybersecurity,27.0,With Family,34.9,30,2,97,1.21,1.6,2022-09-06,0,With Family,1813,4,1.75,2022-09-06,-2.4659183837396226,1-2
107315,Data Science,29.0,On-Campus,21.5,15,2,4,2.41,13.7,11/04/2023,0,On-Campus,3295,3,2.3333333333333335,2023-11-04,0.8981828254760242,2-3
103832,Business Analytics,25.0,Off-Campus,5.2,0,1,6,1.63,6.8,12/01/2023,0,Off-Campus,2276,4,2.75,2023-12-01,-1.0201889384568652,1-2
106781,Information  Science,24.0,Off-Campus,8.8,0,1,27,1.4,4.4,2024-05-10,1,Off-Campus,1935,5,3.2,2024-05-10,-1.6874486824335224,1-2
100469,Cybersecurity,28.0,On-Campus,9.0,25,5,57,2.62,10.469415807560136,12/09/2022,0,On-Campus,2697,3,3.5,2022-12-09,-4.938714207789147e-16,2-3
108828,Cybersecurity,24.0,Off-campus,26.1,5,3,57,2.61,11.4,2024-04-05,0,Off-Campus,3700,4,2.25,2024-04-05,0.258725570831728,2-3
103923,Information Technology,25.0,Off-campus,6.8,18,3,0,2.65,11.9,03-Feb-2024,1,Off-Campus,3985,5,3.5,2024-02-03,0.3977380174935316,2-3
102623,Learning Technologies,27.0,on-campus,15.1,25,1,25,0.89,10.469415807560136,04/03/2024,1,On-Campus,1252,5,3.0,2024-04-03,-4.938714207789147e-16,0-1
103761,Cybersecurity,21.0,On-Campus,13.4,12,3,48,2.98,13.8,10/01/2022,0,On-Campus,4703,4,3.25,2022-10-01,0.9259853148083854,2-3
106610,Cyber Security,27.0,Off-Campus,6.0,28,4,73,3.02,10.9,12/04/2023,0,Off-Campus,3807,5,3.2,2023-12-04,0.1197131241699244,3-4
103857,Cybersecurity,24.0,Off-Campus,6.8,35,2,72,2.23,5.8,02/08/2024,0,Off-Campus,3169,4,2.75,2024-02-08,-1.2982138317804723,2-3
100679,Information Science,26.0,With Family,4.0,15,0,51,2.09,14.0,12/04/2022,1,With Family,4072,4,1.75,2022-12-04,0.9815902934731066,2-3
100701,Information Technology,28.0,Off-Campus,27.1,25,1,2,1.43,7.1,09/19/2022,0,Off-Campus,1551,4,2.25,2022-09-19,-0.9367814704597831,1-2
103613,Learning Technologies,25.0,Off-Campus,18.5,0,1,59,1.92,6.4,2024-02-24,0,Off-Campus,1703,4,3.0,2024-02-24,-1.131398895786308,1-2
101788,Info Technology,23.0,On-Campus,3.9,25,3,52,2.25,10.8,11/02/2022,0,On-Campus,3971,4,3.75,2022-11-02,0.09191063483756379,2-3
104491,Data Science,21.0,With Family,8.7,18,3,105,2.94,17.6,2022-09-22,0,With Family,4428,4,2.5,2022-09-22,1.982479909438093,2-3
103852,Information Science,27.0,Off-Campus,3.7,28,5,63,2.01,10.469415807560136,06-Nov-2022,0,Off-Campus,2438,4,1.75,2022-11-06,-4.938714207789147e-16,2-3
107301,Information Technology,31.0,On-Campus,10.1,10,0,54,2.94,10.9,09/30/2022,0,On-Campus,4160,4,3.25,2022-09-30,0.1197131241699244,2-3
108219,DataScience,24.0,Off-Campus,5.4,30,3,27,2.02,11.4,02/05/2024,1,Off-Campus,2733,4,2.3333333333333335,2024-02-05,0.258725570831728,2-3
109170,Information Technology,25.0,On-Campus,12.5,25,5,24,1.93,9.7,05/28/2024,0,On-Campus,2955,3,2.3333333333333335,2024-05-28,-0.21391674781840453,1-2
101744,Information Science,32.0,On-Campus,22.5,20,2,28,1.42,10.469415807560136,12/15/2023,0,On-Campus,2690,3,3.6666666666666665,2023-12-15,-4.938714207789147e-16,1-2
103626,Data Science,21.0,On-Campus,6.1,5,2,46,3.29,14.4,2022-11-06,0,On-Campus,4088,4,3.5,2022-11-06,1.0928002508025496,3-4
103155,Cybersecurity,26.0,Off-Campus,16.9,10,1,47,1.81,5.1,10/13/2022,1,Off-Campus,2607,3,2.6666666666666665,2022-10-13,-1.4928312571069975,1-2
100715,Business Analytics,21.0,On-Campus,32.6,12,2,43,2.28,10.3,13-Dec-2023,0,On-Campus,2402,4,3.0,2023-12-13,-0.047101811824239816,2-3
103786,Business Analytics,27.0,On-Campus,2.9,15,2,79,1.74,11.4,05/14/2024,0,On-Campus,3196,4,3.25,2024-05-14,0.258725570831728,1-2
100739,Cyber Security,22.0,Off-Campus,47.1,25,3,41,1.47,6.1,03/14/2024,0,Off-Campus,2004,3,3.3333333333333335,2024-03-14,-1.2148063637833904,1-2
101966,Cybersecurity,20.0,Off-Campus,8.3,40,5,77,2.3,10.4,2024-02-29,0,Off-Campus,3057,3,2.0,2024-02-29,-0.019299322491879194,2-3
100466,Cybersecurity,22.0,Off-Campus,1.7,12,4,35,2.06,10.469415807560136,2024-03-07,0,Off-Campus,3412,4,2.75,2024-03-07,-4.938714207789147e-16,2-3
102108,Information Technology,25.0,on-campus,8.3,18,4,22,3.23,16.4,04-Feb-2024,0,On-Campus,4235,5,2.75,2024-02-04,1.6488500374497634,3-4
107941,Information Technology,24.0,on-campus,14.8,0,0,39,2.68,13.8,10/16/2022,0,On-Campus,4561,4,2.75,2022-10-16,0.9259853148083854,2-3
106758,Cybersecurity,25.0,With Family,0.9,5,0,81,1.82,4.4,2022-11-22,0,With Family,1803,5,1.6,2022-11-22,-1.6874486824335224,1-2
100373,Information Technology,29.0,Off-Campus,13.0,0,1,65,1.46,9.1,11/13/2022,1,Off-Campus,2492,4,2.25,2022-11-13,-0.3807316838125687,1-2
109435,Information Science,23.0,Off-Campus,13.9,25,3,73,2.12,10.469415807560136,02/17/2024,0,Off-Campus,2659,4,3.0,2024-02-17,-4.938714207789147e-16,2-3
104535,Learning Technologies,25.0,On-Campus,3.1,18,1,7,2.54,11.7,12-May-2024,0,On-Campus,3763,4,1.75,2024-05-12,0.34213303882880985,2-3
103466,Cybersecurity,23.0,On-Campus,29.9,15,1,58,1.62,10.469415807560136,2022-11-25,0,On-Campus,3014,5,2.8,2022-11-25,-4.938714207789147e-16,1-2
103520,Cybersecurity,22.0,Off-Campus,6.4,15,1,54,2.13,9.7,2023-11-14,0,Off-Campus,2981,4,2.75,2023-11-14,-0.21391674781840453,2-3
103554,Cybersecurity,25.0,With Family,9.5,15,1,0,0.0,13.9,01/20/2025,0,With Family,4785,3,3.3333333333333335,2025-01-20,0.9537878041407459,0-1
103262,Information Science,22.0,Off-Campus,9.3,30,3,69,2.97,15.2,12/13/2022,1,Off-Campus,4454,4,1.75,2022-12-13,1.315220165461435,2-3
101022,Cybersecurity,33.0,On-Campus,15.2,15,3,18,2.91,14.0,2023-11-21,0,On-Campus,4105,5,3.8,2023-11-21,0.9815902934731066,2-3
109613,Learning Technologies,21.0,With Family,5.8,15,1,40,2.74,7.9,10/05/2023,0,With Family,3373,4,2.0,2023-10-05,-0.7143615558008972,2-3
101558,Cybersecurity,29.0,On-Campus,19.6,0,2,45,2.01,10.469415807560136,2022-12-17,0,On-Campus,2905,4,3.0,2022-12-17,-4.938714207789147e-16,2-3
108140,Cybersecurity,26.0,On-Campus,6.0,15,1,66,3.35,10.7,12/06/2022,0,On-Campus,4330,3,2.3333333333333335,2022-12-06,0.06410814550520266,3-4
100376,Information Science,26.0,Off-Campus,4.3,20,3,43,2.8,10.469415807560136,2022-11-03,1,Off-Campus,3137,5,3.4,2022-11-03,-4.938714207789147e-16,2-3
106240,Information Technology,21.0,With Family,10.4,0,4,47,2.45,9.7,09/26/2023,0,With Family,3409,4,2.25,2023-09-26,-0.21391674781840453,2-3
103109,Cyber Security,28.0,Off-Campus,6.7,12,5,55,2.19,8.4,10/13/2022,1,Off-Campus,3154,4,1.6666666666666667,2022-10-13,-0.5753491091390935,2-3
107870,Cybersecurity,23.0,Off-Campus,27.8,0,5,52,2.58,9.8,09/13/2022,0,Off-Campus,2926,3,2.6666666666666665,2022-09-13,-0.1861142584860434,2-3
106667,Data Science,27.0,On-Campus,5.0,28,4,73,3.02,10.5,05/26/2024,1,On-Campus,3775,5,2.8,2024-05-26,0.008503166840481427,3-4
107024,Data Science,24.0,Off-campus,4.9,20,2,32,2.22,9.3,10/28/2022,0,Off-Campus,2687,5,2.2,2022-10-28,-0.32512670514784703,2-3
100770,Business Analytics,27.0,With Family,5.3,35,3,30,2.83,11.7,2023-11-23,0,With Family,3868,5,3.5,2023-11-23,0.34213303882880985,2-3
107340,Information Science,22.0,Off-Campus,29.7,5,0,20,1.18,8.6,12/12/2022,0,Off-Campus,2440,3,3.3333333333333335,2022-12-12,-0.5197441304743723,1-2
109132,Cybersecurity,31.0,Off-Campus,14.8,18,2,84,2.96,15.0,02/15/2024,0,Off-Campus,4425,4,2.5,2024-02-15,1.2596151867967138,2-3
103502,Information Technology,20.0,On-Campus,6.0,5,2,44,3.4,16.8,11-Nov-2022,0,On-Campus,4939,3,2.6666666666666665,2022-11-11,1.760059994779207,3-4
105284,Information Science,24.0,On-Campus,25.7,10,1,86,1.17,8.2,09/30/2022,0,On-Campus,1913,3,1.3333333333333333,2022-09-30,-0.6309540878038153,1-2
108977,Business Analytics,25.0,on-campus,7.1,5,3,68,2.71,13.7,10/03/2022,0,On-Campus,3442,4,2.5,2022-10-03,0.8981828254760242,2-3
109550,Information Science,22.0,on-campus,4.5,10,5,52,2.91,9.8,14-Oct-2022,1,On-Campus,3683,5,3.2,2022-10-14,-0.1861142584860434,2-3
108544,Cybersecurity,25.0,On-Campus,6.5,25,4,60,2.99,13.3,01-Dec-2023,0,On-Campus,3880,4,3.25,2023-12-01,0.7869728681465817,2-3
107602,Information Technology,21.0,On-Campus,4.2,20,3,67,2.74,13.0,02/03/2024,0,On-Campus,4604,5,2.8,2024-02-03,0.7035654001494994,2-3
103469,Cybersecurity,26.0,with family,6.5,25,0,28,2.29,11.3,10/08/2022,0,With Family,3495,3,2.3333333333333335,2022-10-08,0.23092308149936738,2-3
106717,Learning Technologies,24.0,Off-Campus,4.9,5,2,34,1.76,7.2,04/10/2024,1,Off-Campus,2440,4,3.5,2024-04-10,-0.9089789811274223,1-2
109458,Business Analytics,25.0,Off-Campus,14.2,5,0,92,2.95,13.6,2023-12-08,0,Off-Campus,3213,4,2.6666666666666665,2023-12-08,0.8703803361436636,2-3
100113,Information Science,23.0,Off-Campus,32.2,10,4,57,2.06,6.3,16-Feb-2024,1,Off-Campus,2335,4,2.6666666666666665,2024-02-16,-1.1592013851186689,2-3
106403,Cybersecurity,22.0,Off-Campus,0.3,20,4,57,2.34,7.5,04/08/2024,0,Off-Campus,3012,3,3.0,2024-04-08,-0.8255715131303402,2-3
104157,Data Science,25.0,Off-Campus,23.8,10,0,2,1.86,10.469415807560136,2022-10-09,1,Off-Campus,1716,3,3.0,2022-10-09,-4.938714207789147e-16,1-2
102605,Cybersecurity,22.0,Off-Campus,0.7,20,3,17,3.08,12.6,09/30/2022,0,Off-Campus,4099,3,2.0,2022-09-30,0.5923554428200565,3-4
102983,Information Science,28.0,on-campus,4.6,12,1,43,4.0,15.6,2023-12-01,0,On-Campus,5566,4,3.75,2023-12-01,1.426430122790878,3-4
101356,Learning Technologies,22.0,On-Campus,18.6,20,3,37,1.99,11.0,2023-11-08,0,On-Campus,2709,4,1.5,2023-11-08,0.14751561350228504,1-2
108355,Cybersecurity,23.0,Off-Campus,1.6,18,2,41,2.13,15.2,23-Feb-2024,1,Off-Campus,3702,5,3.75,2024-02-23,1.315220165461435,2-3
100575,Cybersecurity,26.0,With Family,12.4,12,2,74,2.49,10.2,2024-04-05,1,With Family,3689,4,2.25,2024-04-05,-0.07490430115660093,2-3
104742,Cybersecurity,23.0,Off-Campus,29.0,0,2,36,2.69,11.1,05/24/2024,0,Off-Campus,4120,4,3.0,2024-05-24,0.17531810283464563,2-3
103754,Learning Technologies,23.0,Off-Campus,24.6,30,0,30,1.66,10.469415807560136,23-Mar-2024,1,Off-Campus,2608,3,2.6666666666666665,2024-03-23,-4.938714207789147e-16,1-2
103389,Information Science,26.0,With Family,2.6,35,3,68,2.24,12.6,12/14/2022,0,With Family,3393,5,2.4,2022-12-14,0.5923554428200565,2-3
108117,Info Technology,23.0,On-Campus,7.9,15,6,32,2.67,14.7,31-Aug-2023,0,On-Campus,3844,3,2.3333333333333335,2023-08-31,1.1762077187996314,2-3
104638,Cybersecurity,25.0,With Family,7.1,15,3,65,2.73,10.469415807560136,30-Sep-2022,0,With Family,3344,5,3.6,2022-09-30,-4.938714207789147e-16,2-3
100565,Cyber Security,21.0,Off-Campus,18.0,15,1,33,2.54,11.6,2023-09-12,0,Off-Campus,3419,4,2.75,2023-09-12,0.31433054949644923,2-3
108523,Cyber Security,24.0,With Family,14.4,15,0,65,2.83,12.9,11/24/2022,0,With Family,3567,3,3.0,2022-11-24,0.6757629108171388,2-3
103545,Cybersecurity,23.0,Off-Campus,18.9,35,3,119,2.42,7.0,2024-02-15,0,Off-Campus,2747,3,2.3333333333333335,2024-02-15,-0.9645839597921437,2-3
103492,Business Analytics,24.0,On-Campus,8.9,15,4,64,2.53,14.4,12/18/2023,0,On-Campus,3951,5,2.6,2023-12-18,1.0928002508025496,2-3
101961,Learning Technologies,27.0,Off-Campus,2.2,12,3,56,2.85,16.1,12/03/2023,0,Off-Campus,4451,5,2.4,2023-12-03,1.5654425694526821,2-3
102518,Learning Technologies,27.0,with family,3.8,30,2,60,2.7,11.6,24-Sep-2022,0,With Family,3856,5,3.25,2022-09-24,0.31433054949644923,2-3
100899,Info Technology,24.0,On-Campus,12.1,25,4,48,2.64,13.3,04/29/2024,1,On-Campus,3897,4,2.25,2024-04-29,0.7869728681465817,2-3
109680,Cybersecurity,27.0,Off-Campus,11.8,10,5,95,2.99,16.2,09/26/2023,0,Off-Campus,4602,4,3.0,2023-09-26,1.5932450587850422,2-3
104440,Cyber Security,25.0,Off-Campus,8.5,35,0,34,2.83,16.3,2022-10-23,0,Off-Campus,4052,5,3.0,2022-10-23,1.6210475481174034,2-3
102365,Data Science,24.0,Off-Campus,6.8,5,3,59,2.77,16.2,12/10/2022,0,Off-Campus,4370,5,2.0,2022-12-10,1.5932450587850422,2-3
106748,Cybersecurity,22.0,On-Campus,1.9,5,4,22,2.24,6.6,11/24/2022,0,On-Campus,3266,4,2.75,2022-11-24,-1.0757939171215867,2-3
104946,Cybersecurity,30.0,off campus,3.2,5,2,52,2.68,12.3,24-Sep-2022,1,Off-Campus,3779,4,1.6666666666666667,2022-09-24,0.5089479748229746,2-3
101490,Learning Technologies,22.0,With Family,2.1,15,3,50,2.71,8.7,03-Oct-2023,0,With Family,3175,5,1.6,2023-10-03,-0.4919416411420117,2-3
100283,Cybersecurity,21.0,With Family,10.3,12,2,21,2.64,12.1,03/16/2024,0,With Family,3805,4,2.5,2024-03-16,0.45334299615825285,2-3
103471,Data Science,24.0, On-Campus,3.2,28,3,13,2.02,11.1,19-Dec-2022,0,On-Campus,3131,5,2.0,2022-12-19,0.17531810283464563,2-3
103232,Cybersecurity,23.0,Off-Campus,17.3,25,1,28,2.22,6.4,2022-09-02,0,Off-Campus,1705,5,3.6,2022-09-02,-1.131398895786308,2-3
109862,Learning Technologies,25.0,With Family,11.7,25,1,13,2.18,8.9,12/10/2022,0,With Family,2967,3,2.5,2022-12-10,-0.43633666247728997,2-3
104895,Information Technology,24.0,On-Campus,4.0,15,4,17,2.74,11.9,09/23/2022,0,On-Campus,3623,3,2.3333333333333335,2022-09-23,0.3977380174935316,2-3
100529,Data Science,27.0,With Family,8.8,15,2,27,2.41,9.4,2024-05-18,1,With Family,2592,4,2.3333333333333335,2024-05-18,-0.2973242158154864,2-3
100061,Information Science,24.0,Off-Campus,2.3,25,4,51,2.6,7.0,28-Mar-2024,1,Off-Campus,3093,4,3.25,2024-03-28,-0.9645839597921437,2-3
103888,Information  Science,26.0,Off-Campus,11.3,30,0,83,2.0,8.8,05/04/2024,0,Off-Campus,2773,3,3.0,2024-05-04,-0.4641391518096506,1-2
106452,Learning Technologies,25.0,Off-Campus,4.9,28,0,88,2.08,4.5,11/26/2022,0,Off-Campus,2397,4,3.75,2022-11-26,-1.6596461931011617,2-3
101134,Information Science,28.0,Off-Campus,6.5,15,1,77,2.29,15.3,2022-09-03,0,Off-Campus,3543,5,2.6,2022-09-03,1.3430226547937962,2-3
103675,Information Technology,24.0,off campus,26.3,25,1,47,2.84,15.2,10/27/2022,0,Off-Campus,4380,3,2.5,2022-10-27,1.315220165461435,2-3
102331,Information Technology,21.0,Off-Campus,14.2,15,5,107,3.35,17.6,09/21/2023,0,Off-Campus,5191,3,3.0,2023-09-21,1.982479909438093,3-4
107048,Cybersecurity,26.0,On-Campus,29.7,0,2,0,1.63,10.469415807560136,2022-10-14,0,On-Campus,2533,5,2.0,2022-10-14,-4.938714207789147e-16,1-2
102154,Cyber Security,25.0,Off-Campus,9.8,5,3,80,1.83,12.1,2024-03-29,0,Off-Campus,3105,3,3.3333333333333335,2024-03-29,0.45334299615825285,1-2
103191,Information Science,26.0,with family,9.4,5,3,30,3.76,15.7,03/27/2024,0,With Family,5403,5,2.2,2024-03-27,1.4542326121232387,3-4
101899,Cybersecurity,22.0,with family,16.1,15,2,71,2.56,10.7,04-Dec-2022,0,With Family,3448,3,1.3333333333333333,2022-12-04,0.06410814550520266,2-3
101030,Cybersecurity,,Off-Campus,6.5,20,2,46,1.58,13.6,2022-10-18,0,Off-Campus,2392,3,2.0,2022-10-18,0.8703803361436636,1-2
106711,Information Technology,25.0,Off-Campus,18.1,25,3,49,1.09,10.469415807560136,04/27/2024,0,Off-Campus,866,3,3.3333333333333335,2024-04-27,-4.938714207789147e-16,1-2
107337,Business Analytics,25.0,Off-Campus,15.2,15,1,93,1.48,10.469415807560136,09/15/2023,1,Off-Campus,1317,3,2.3333333333333335,2023-09-15,-4.938714207789147e-16,1-2
108352,Learning Technologies,22.0,Off-Campus,7.7,10,1,44,3.36,12.6,2024-02-21,0,Off-Campus,4232,4,3.0,2024-02-21,0.5923554428200565,3-4
106920,Cybersecurity,25.0,Off-campus,7.9,30,2,43,2.42,10.5,10/01/2022,0,Off-Campus,3639,5,3.0,2022-10-01,0.008503166840481427,2-3
104265,Business Analytics,28.0,Off-Campus,1.5,15,4,93,3.62,18.1,09/25/2022,0,Off-Campus,5202,4,2.0,2022-09-25,2.1214923560998966,3-4
100590,Information Science,29.0,On-Campus,6.8,10,2,29,2.24,8.0,11/06/2022,1,On-Campus,3297,3,2.0,2022-11-06,-0.6865590664685366,2-3
106874,Cybersecurity,30.0,Off-Campus,13.2,25,3,64,2.27,10.4,2022-09-08,0,Off-Campus,2967,5,3.2,2022-09-08,-0.019299322491879194,2-3
106856,Cybersecurity,20.0,Off-campus,3.3,25,1,50,1.92,10.469415807560136,09/02/2023,0,Off-Campus,2780,5,3.2,2023-09-02,-4.938714207789147e-16,1-2
102862,Information Technology,29.0,With Family,16.6,15,4,32,1.84,8.4,11/11/2022,1,With Family,2366,5,2.6,2022-11-11,-0.5753491091390935,1-2
103677,Business Analytics,23.0,off campus,10.9,12,5,66,3.39,12.9,09/23/2022,0,Off-Campus,4849,4,2.75,2022-09-23,0.6757629108171388,3-4
109377,Business Analytics,24.0,Off-Campus,6.8,0,4,22,2.99,14.3,10/30/2022,0,Off-Campus,4297,4,2.6666666666666665,2022-10-30,1.0649977614701889,2-3
107691,Business Analytics,21.0,Off-Campus,14.5,35,2,33,1.27,10.469415807560136,2024-03-07,1,Off-Campus,2129,3,2.5,2024-03-07,-4.938714207789147e-16,1-2
105439,Information Science,29.0,With Family,6.2,12,5,0,0.0,14.9,21-Jan-2025,0,With Family,4647,5,2.0,2025-01-21,1.2318126974643533,0-1
105254,Cybersecurity,26.0,Off-Campus,1.6,25,4,73,2.95,14.6,10/11/2023,0,Off-Campus,4844,3,3.0,2023-10-11,1.1484052294672709,2-3
102564,Learning Technologies,21.0,Off-Campus,0.2,20,2,48,2.15,10.1,14-Dec-2022,1,Off-Campus,3082,3,2.0,2022-12-14,-0.10270679048896154,2-3
101591,Cybersecurity,20.0,Off-Campus,7.5,15,2,49,3.18,15.2,2024-02-03,0,Off-Campus,4824,3,2.3333333333333335,2024-02-03,1.315220165461435,3-4
100922,Learning Technologies,26.0,Off-campus,17.8,10,1,71,2.95,12.4,2023-09-29,1,Off-Campus,3861,4,3.5,2023-09-29,0.5367504641553352,2-3
105922,Learning Technologies,23.0,Off-campus,17.8,12,5,80,2.54,7.6,10/11/2023,0,Off-Campus,3208,4,2.75,2023-10-11,-0.7977690237979795,2-3
106762,Information Science,23.0,Off-Campus,18.3,5,3,51,2.73,7.9,02/07/2024,0,Off-Campus,3074,3,2.3333333333333335,2024-02-07,-0.7143615558008972,2-3
101125,Business Analytics,22.0,off campus,17.1,12,0,60,2.33,8.8,05/13/2024,0,Off-Campus,4113,4,2.25,2024-05-13,-0.4641391518096506,2-3
104133,Cybersecurity,20.0,Off-Campus,5.2,35,1,32,1.29,1.0,11/27/2022,0,Off-Campus,1135,5,2.8,2022-11-27,-2.632733319733787,1-2
105319,Information Science,20.0,With Family,11.6,30,3,16,1.67,6.1,2023-12-03,0,With Family,2297,5,2.6,2023-12-03,-1.2148063637833904,1-2
102974,Learning Technologies,25.0,Off-Campus,5.5,0,3,63,2.65,8.8,11/06/2022,1,Off-Campus,3008,3,2.6666666666666665,2022-11-06,-0.4641391518096506,2-3
107293,Information Technology,26.0,With Family,2.7,20,2,53,2.93,14.5,04/23/2024,0,With Family,4028,5,2.2,2024-04-23,1.1206027401349101,2-3
101701,Business Analytics,24.0,Off-Campus,8.2,20,3,0,2.51,10.3,10/13/2023,0,Off-Campus,3835,3,3.5,2023-10-13,-0.047101811824239816,2-3
101090,Information Science,28.0,On-Campus,14.8,20,2,55,2.55,10.469415807560136,09-Dec-2023,0,On-Campus,2303,3,2.6666666666666665,2023-12-09,-4.938714207789147e-16,2-3
100659,Learning Technologies,28.0,Off-Campus,10.5,0,2,59,2.79,15.7,2022-08-27,1,Off-Campus,4129,5,2.2,2022-08-27,1.4542326121232387,2-3
104001,Information Science,24.0,With Family,21.1,10,2,41,2.26,10.9,02/20/2024,1,With Family,3217,3,2.3333333333333335,2024-02-20,0.1197131241699244,2-3
105967,Information Technology,22.0,With Family,36.1,15,0,36,1.42,10.1,04/28/2024,0,With Family,2713,4,2.75,2024-04-28,-0.10270679048896154,1-2
103248,Cybersecurity,23.0,off campus,2.7,15,1,34,2.04,12.2,10/21/2023,0,Off-Campus,2714,5,2.8,2023-10-21,0.4811454854906135,2-3
104318,Information Technology,21.0,Off-Campus,18.6,25,4,57,1.1,3.3,2022-09-04,0,Off-Campus,1699,3,3.3333333333333335,2022-09-04,-1.9932760650894905,1-2
104511,Business Analytics,26.0,With Family,23.6,28,1,36,1.61,7.9,09/03/2023,1,With Family,2049,3,4.0,2023-09-03,-0.7143615558008972,1-2
107965,Cybersecurity,28.0,On-Campus,13.2,12,2,62,2.69,11.6,06-Nov-2022,1,On-Campus,4164,3,2.3333333333333335,2022-11-06,0.31433054949644923,2-3
100561,Business Analytics,25.0,On-Campus,6.5,40,2,68,2.69,12.1,11/03/2023,0,On-Campus,4263,4,2.25,2023-11-03,0.45334299615825285,2-3
101058,Information Technology,34.0,On-Campus,11.2,28,1,28,2.28,12.1,08/28/2023,0,On-Campus,3510,5,2.8,2023-08-28,0.45334299615825285,2-3
104193,Data Science,24.0,Off-campus,17.1,0,0,67,2.25,9.1,22-Sep-2023,0,Off-Campus,3156,5,3.0,2023-09-22,-0.3807316838125687,2-3
103550,Cybersecurity,24.0,off campus,13.7,0,3,59,2.4,13.5,10/11/2022,0,Off-Campus,3964,5,2.6,2022-10-11,0.842577846811303,2-3
106246,Cybersecurity,25.0, On-Campus,13.3,15,2,128,2.67,9.8,2024-02-18,0,On-Campus,3716,4,3.25,2024-02-18,-0.1861142584860434,2-3
109306,Cybersecurity,26.0,With Family,5.5,0,1,71,3.41,18.7,10/29/2023,0,With Family,5649,3,1.5,2023-10-29,2.28830729209406,3-4
103674,Cybersecurity,28.0,on-campus,12.0,10,5,51,3.43,16.8,03/13/2024,0,On-Campus,5391,5,3.0,2024-03-13,1.760059994779207,3-4
107710,Learning Technologies,21.0,off campus,26.8,15,2,58,1.3,3.8,2022-09-08,0,Off-Campus,1723,5,1.8,2022-09-08,-1.8542636184276868,1-2
106104,Data Science,27.0,On-Campus,21.6,0,0,30,1.65,7.2,22-Apr-2024,0,On-Campus,1917,3,3.3333333333333335,2024-04-22,-0.9089789811274223,1-2
105660,Information Technology,25.0,With Family,26.0,20,2,0,1.2,6.3,12/04/2023,1,With Family,2256,4,2.75,2023-12-04,-1.1592013851186689,1-2
107823,Data Science,26.0,Off-Campus,1.2,35,2,34,1.61,3.2,2022-12-18,1,Off-Campus,1861,3,3.6666666666666665,2022-12-18,-2.0210785544218512,1-2
105485,Information Science,20.0,Off-Campus,4.7,0,3,42,2.2,10.469415807560136,09/30/2022,1,Off-Campus,3113,5,2.8,2022-09-30,-4.938714207789147e-16,2-3
100705,Data Science,29.0,Off-Campus,15.8,15,2,56,0.0,1.7,2022-10-20,1,Off-Campus,1156,5,3.25,2022-10-20,-2.4381158944072623,0-1
104764,Cybersecurity,25.0,Off-Campus,20.0,30,1,71,1.96,6.4,04/27/2024,0,Off-Campus,1536,5,3.0,2024-04-27,-1.131398895786308,1-2
101186,Cybersecurity,22.0,with family,29.2,15,6,83,2.34,10.0,2023-08-30,0,With Family,3427,4,2.0,2023-08-30,-0.13050927982132218,2-3
100932,Information Technology,26.0,With Family,16.6,15,2,65,2.31,10.469415807560136,2023-12-01,0,With Family,2856,3,2.0,2023-12-01,-4.938714207789147e-16,2-3
101266,Business Analytics,23.0,On-Campus,0.8,30,2,80,2.45,12.1,2022-10-20,0,On-Campus,3105,5,2.5,2022-10-20,0.45334299615825285,2-3
103753,Cybersecurity,23.0,With Family,16.0,5,0,48,1.98,8.9,04/30/2024,0,With Family,3320,4,2.75,2024-04-30,-0.43633666247728997,1-2
101297,Cybersecurity,27.0,Off-Campus,15.3,30,2,50,1.39,7.3,2023-12-07,0,Off-Campus,2492,3,2.6666666666666665,2023-12-07,-0.8811764917950616,1-2
107895,Information Science,28.0,Off-Campus,5.1,15,1,54,2.07,13.6,2023-10-13,1,Off-Campus,3007,4,2.25,2023-10-13,0.8703803361436636,2-3
106232,Information Technology,30.0,With Family,30.8,28,1,65,2.64,10.8,14-May-2024,0,With Family,2624,4,2.0,2024-05-14,0.09191063483756379,2-3
103653,Information Technology,26.0,off campus,8.4,15,3,65,1.83,9.3,2022-09-20,0,Off-Campus,2817,5,3.6,2022-09-20,-0.32512670514784703,1-2
104873,Cybersecurity,22.0,Off-Campus,6.5,5,5,73,2.34,8.2,12/14/2022,1,Off-Campus,3808,5,2.2,2022-12-14,-0.6309540878038153,2-3
101753,Cybersecurity,24.0,Off-campus,3.2,18,2,19,3.43,14.2,26-Sep-2022,0,Off-Campus,4849,5,2.5,2022-09-26,1.037195272137828,3-4
109950,Cybersecurity,27.0,On-Campus,31.1,15,4,51,2.1,11.3,11/19/2023,0,On-Campus,3845,3,3.0,2023-11-19,0.23092308149936738,2-3
101142,Cyber Security,24.0,Off-campus,1.4,20,1,55,2.5,14.2,10/25/2023,0,Off-Campus,4606,3,0.6666666666666666,2023-10-25,1.037195272137828,2-3
102585,Cybersecurity,23.0,off campus,14.0,20,1,39,1.21,3.8,10/12/2023,1,Off-Campus,1263,3,3.0,2023-10-12,-1.8542636184276868,1-2
103551,Business Analytics,19.0,with family,20.7,0,5,70,2.89,12.0,2022-08-27,0,With Family,3919,5,2.6,2022-08-27,0.42554050682589223,2-3
106229,Information Technology,22.0,Off-Campus,15.7,5,3,63,1.72,11.2,2024-05-03,1,Off-Campus,2498,3,1.0,2024-05-03,0.20312059216700626,1-2
108410,Cybersecurity,23.0,On-Campus,15.5,10,4,90,3.07,10.469415807560136,2022-11-14,0,On-Campus,3824,3,2.6666666666666665,2022-11-14,-4.938714207789147e-16,3-4
106962,Information Technology,24.0,On-Campus,5.2,10,1,40,2.14,10.8,02-Sep-2022,0,On-Campus,3793,5,2.4,2022-09-02,0.09191063483756379,2-3
102037,Business Analytics,22.0,Off-Campus,10.1,12,5,74,3.31,12.3,02/01/2024,0,Off-Campus,4342,3,2.6666666666666665,2024-02-01,0.5089479748229746,3-4
103374,DataScience,25.0,With Family,8.0,10,1,24,3.12,16.8,03/31/2024,0,With Family,4388,5,1.8,2024-03-31,1.760059994779207,3-4
109685,Information Technology,24.0,On-Campus,1.1,10,3,70,2.53,10.469415807560136,11/04/2022,0,On-Campus,3590,3,3.0,2022-11-04,-4.938714207789147e-16,2-3
101702,Cyber Security,23.0,Off-Campus,6.9,5,0,6,2.83,17.0,09/25/2022,0,Off-Campus,3962,3,4.0,2022-09-25,1.8156649734439283,2-3
106648,Cybersecurity,20.0, On-Campus,9.5,15,1,50,3.17,18.0,02/25/2024,0,On-Campus,4511,3,2.3333333333333335,2024-02-25,2.0936898667675354,3-4
101041,Cybersecurity,33.0,On-Campus,12.0,25,4,71,1.76,10.6,02/19/2024,0,On-Campus,3683,5,3.6,2024-02-19,0.036305656172842045,1-2
106585,Cybersecurity,25.0,With Family,2.2,25,1,77,2.28,10.469415807560136,03-Sep-2022,0,With Family,2441,4,3.25,2022-09-03,-4.938714207789147e-16,2-3
100798,Cybersecurity,25.0,With Family,4.1,10,3,41,1.66,2.5,2024-04-27,0,With Family,1781,3,2.3333333333333335,2024-04-27,-2.215695979748376,1-2
102223,Cyber Security,28.0,With Family,13.3,18,3,30,2.44,10.469415807560136,2023-08-24,0,With Family,3014,3,3.0,2023-08-24,-4.938714207789147e-16,2-3
103386,Learning Technologies,26.0,Off-Campus,13.8,0,3,0,2.11,12.2,09/24/2022,0,Off-Campus,4235,3,3.0,2022-09-24,0.4811454854906135,2-3
109956,Information Science,24.0,Off-Campus,4.8,10,3,70,3.74,17.4,2024-02-21,1,Off-Campus,4562,5,2.4,2024-02-21,1.9268749307733706,3-4
100073,Business Analytics,26.0,Off-campus,22.2,28,0,59,0.0,5.3,09/10/2022,0,Off-Campus,1930,4,2.75,2022-09-10,-1.437226278442276,0-1
108813,Cybersecurity,26.0,Off-Campus,16.2,5,2,31,1.76,6.6,2024-04-18,1,Off-Campus,2483,3,3.5,2024-04-18,-1.0757939171215867,1-2
101735,Information Technology,23.0,Off-Campus,7.0,15,1,60,2.85,9.2,2022-11-26,0,Off-Campus,3966,3,1.0,2022-11-26,-0.3529291944802081,2-3
103260,Information Science,23.0,off campus,5.1,40,1,117,2.8,9.3,05/23/2024,0,Off-Campus,3746,3,2.3333333333333335,2024-05-23,-0.32512670514784703,2-3
105911,Data Science,32.0,On-Campus,3.6,18,6,72,3.04,18.9,10/08/2022,0,On-Campus,5323,5,3.4,2022-10-08,2.3439122707587816,3-4
105982,Cybersecurity,22.0,With Family,2.3,30,4,37,2.12,10.8,11/25/2022,0,With Family,4122,3,2.6666666666666665,2022-11-25,0.09191063483756379,2-3
107206,Cybersecurity,27.0,On-Campus,4.2,20,1,80,2.94,11.8,10/29/2022,0,On-Campus,3755,4,2.0,2022-10-29,0.369935528161171,2-3
107276,Cyber Security,31.0,On-Campus,16.7,10,3,43,2.64,10.3,2024-02-14,0,On-Campus,3202,5,2.0,2024-02-14,-0.047101811824239816,2-3
107124,Cybersecurity,28.0, On-Campus,2.3,5,3,0,2.74,10.1,11/08/2023,0,On-Campus,4290,4,3.75,2023-11-08,-0.10270679048896154,2-3
107847,Data Science,26.0, On-Campus,18.9,30,3,76,1.01,1.9,10/20/2022,1,On-Campus,1520,5,2.4,2022-10-20,-2.3825109157425404,1-2
108048,Information Technology,32.0,Off-Campus,8.4,12,0,89,1.95,10.469415807560136,08-Oct-2022,0,Off-Campus,2252,3,1.6666666666666667,2022-10-08,-4.938714207789147e-16,1-2
104196,Business Analytics,26.0,Off-Campus,0.5,12,1,91,3.18,10.2,2022-10-08,0,Off-Campus,3683,4,2.0,2022-10-08,-0.07490430115660093,3-4
101925,Business Analytics,36.0,With Family,0.5,18,1,27,2.37,10.9,10/26/2022,0,With Family,3269,5,2.4,2022-10-26,0.1197131241699244,2-3
109874,Information Technology,27.0,With Family,13.9,12,3,47,2.1,11.6,11/26/2022,0,With Family,3480,3,2.0,2022-11-26,0.31433054949644923,2-3
105898,Cybersecurity,20.0,Off-Campus,8.2,20,2,41,2.06,7.7,10/09/2023,1,Off-Campus,2534,4,3.0,2023-10-09,-0.7699665344656187,2-3
101175,Cybersecurity,19.0,Off-Campus,11.2,15,1,5,3.52,17.5,06-Dec-2022,0,Off-Campus,5387,4,3.5,2022-12-06,1.9546774201057318,3-4
103812,Business Analytics,24.0,Off-Campus,25.1,0,1,17,2.17,10.5,11/08/2022,0,Off-Campus,3303,5,2.75,2022-11-08,0.008503166840481427,2-3
108816,Learning Technologies,27.0,On-Campus,9.1,35,1,54,0.0,3.3,07-Dec-2022,1,On-Campus,1376,3,3.3333333333333335,2022-12-07,-1.9932760650894905,0-1
103290,Business Analytics,25.0,On-Campus,13.1,12,4,16,2.95,12.3,2023-11-12,0,On-Campus,3706,3,2.6666666666666665,2023-11-12,0.5089479748229746,2-3
106789,Information Science,24.0,With Family,21.4,28,2,78,1.28,6.4,2022-08-27,0,With Family,1900,3,2.6666666666666665,2022-08-27,-1.131398895786308,1-2
107473,Information Science,25.0,Off-Campus,15.9,10,0,75,3.0,14.8,01-Oct-2023,0,Off-Campus,4713,3,3.0,2023-10-01,1.2040102081319926,2-3
107692,Cybersecurity,22.0,On-Campus,1.5,0,4,67,2.65,13.2,12/15/2022,0,On-Campus,4256,4,3.0,2022-12-15,0.7591703788142207,2-3
109434,Information Science,24.0,Off-Campus,12.8,15,4,32,3.2,18.7,12/20/2022,0,Off-Campus,5322,3,3.3333333333333335,2022-12-20,2.28830729209406,3-4
104593,Cyber Security,32.0,off campus,27.0,20,2,0,0.0,10.2,2025-01-18,0,Off-Campus,2886,5,1.8,2025-01-18,-0.07490430115660093,0-1
100663,Business Analytics,26.0,Off-Campus,43.7,12,2,94,2.18,6.6,12/02/2022,0,Off-Campus,2904,5,2.4,2022-12-02,-1.0757939171215867,2-3
103299,Cybersecurity,27.0,Off-Campus,5.9,35,2,63,1.58,7.7,2024-05-02,1,Off-Campus,3004,5,3.5,2024-05-02,-0.7699665344656187,1-2
106620,Information Technology,27.0,On-Campus,10.2,15,1,68,2.32,8.7,2024-02-23,0,On-Campus,3356,4,2.0,2024-02-23,-0.4919416411420117,2-3
109892,Information Technology,23.0,Off-Campus,0.6,40,2,48,3.25,14.5,11/28/2022,0,Off-Campus,4581,4,2.0,2022-11-28,1.1206027401349101,3-4
100198,Cybersecurity,24.0,Off-Campus,13.3,18,1,48,3.4,11.4,09/23/2022,0,Off-Campus,4742,4,1.75,2022-09-23,0.258725570831728,3-4
105258,Information Science,29.0,With Family,5.7,35,8,93,2.76,8.4,2022-11-18,0,With Family,3881,5,1.8,2022-11-18,-0.5753491091390935,2-3
103694,Cybersecurity,24.0,Off-Campus,6.2,15,2,65,3.21,15.6,23-Sep-2023,0,Off-Campus,4921,4,4.0,2023-09-23,1.426430122790878,3-4
103064,Information Science,26.0,Off-Campus,19.8,20,4,63,2.51,12.1,05/15/2024,0,Off-Campus,4307,5,3.2,2024-05-15,0.45334299615825285,2-3
106924,Cybersecurity,25.0,off campus,23.9,5,3,23,3.17,15.4,03/22/2024,1,Off-Campus,4016,5,3.2,2024-03-22,1.3708251441261567,3-4
109442,Information Technology,33.0,Off-Campus,10.1,0,2,54,2.65,11.2,2024-02-05,0,Off-Campus,3977,4,3.25,2024-02-05,0.20312059216700626,2-3
101449,Data Science,28.0,off campus,3.8,35,0,33,0.47,3.5,02-Oct-2022,0,Off-Campus,1502,3,3.3333333333333335,2022-10-02,-1.937671086424769,0-1
105679,Information Science,25.0,On-Campus,5.6,15,5,63,2.56,9.7,19-Nov-2022,0,On-Campus,3353,5,3.0,2022-11-19,-0.21391674781840453,2-3
100050,Business Analytics,22.0,On-Campus,2.5,28,6,48,2.75,10.7,04/30/2024,1,On-Campus,3274,4,3.0,2024-04-30,0.06410814550520266,2-3
100989,Information Technology,29.0,Off-Campus,20.4,20,1,10,1.52,7.0,10/01/2022,1,Off-Campus,1771,3,3.5,2022-10-01,-0.9645839597921437,1-2
109841,Data Science,22.0,On-Campus,6.4,25,2,59,1.92,10.469415807560136,2024-05-01,0,On-Campus,2066,5,2.5,2024-05-01,-4.938714207789147e-16,1-2
105944,DataScience,29.0,off campus,1.6,28,2,57,2.58,12.4,2022-12-14,0,Off-Campus,4034,5,2.0,2022-12-14,0.5367504641553352,2-3
107320,Data Science,22.0,With Family,4.2,12,1,112,2.64,11.0,09/03/2023,0,With Family,3472,4,3.25,2023-09-03,0.14751561350228504,2-3
102080,Business Analytics,23.0,On-Campus,15.2,10,1,40,1.88,10.2,2022-09-09,1,On-Campus,2882,3,1.6666666666666667,2022-09-09,-0.07490430115660093,1-2
100292,DataScience,23.0,Off-Campus,16.5,15,2,48,1.92,2.0,10/06/2022,0,Off-Campus,886,5,3.4,2022-10-06,-2.3547084264101796,1-2
107462,Information Science,26.0,Off-campus,24.3,20,1,24,2.21,8.4,08/30/2022,0,Off-Campus,3320,4,3.5,2022-08-30,-0.5753491091390935,2-3
101900,Info Technology,24.0,Off-Campus,4.9,25,2,79,2.49,10.9,09/20/2022,1,Off-Campus,3617,5,2.2,2022-09-20,0.1197131241699244,2-3
103998,Cybersecurity,22.0,Off-Campus,21.4,15,6,77,1.93,9.4,05/12/2024,0,Off-Campus,2868,4,3.0,2024-05-12,-0.2973242158154864,1-2
103952,Cybersecurity,19.0,Off-Campus,3.6,18,3,53,2.49,9.6,10/02/2022,0,Off-Campus,3326,5,2.8,2022-10-02,-0.24171923715076515,2-3
107617,Business Analytics,19.0,Off-Campus,21.3,25,2,33,2.35,8.4,11/25/2022,0,Off-Campus,2927,4,2.5,2022-11-25,-0.5753491091390935,2-3
103316,Information Science,24.0,on-campus,12.1,10,3,85,2.62,9.3,2023-09-06,0,On-Campus,3385,5,2.75,2023-09-06,-0.32512670514784703,2-3
107907,Data Science,26.0,Off-Campus,5.2,25,3,8,2.22,6.6,15-Oct-2023,1,Off-Campus,2499,3,2.0,2023-10-15,-1.0757939171215867,2-3
106835,Information Science,24.0,With Family,18.0,12,3,68,1.88,6.8,2022-12-11,1,With Family,2399,3,2.0,2022-12-11,-1.0201889384568652,1-2
104436,Learning Technologies,27.0,Off-Campus,8.9,15,2,35,2.61,9.2,2023-10-07,0,Off-Campus,3469,4,2.6666666666666665,2023-10-07,-0.3529291944802081,2-3
102113,Information Science,19.0,With Family,4.5,18,2,0,1.87,7.5,02/04/2024,0,With Family,2071,4,3.3333333333333335,2024-02-04,-0.8255715131303402,1-2
101618,Information Technology,27.0,On-Campus,4.4,25,1,23,2.64,8.7,09/08/2022,1,On-Campus,3519,3,1.6666666666666667,2022-09-08,-0.4919416411420117,2-3
107862,Business Analytics,26.0,Off-Campus,27.4,30,3,27,1.67,8.3,12/05/2022,0,Off-Campus,2396,4,2.0,2022-12-05,-0.6031515984714542,1-2
105748,Cybersecurity,28.0,On-Campus,35.9,0,2,93,1.21,2.5,11/10/2022,1,On-Campus,1583,3,3.6666666666666665,2022-11-10,-2.215695979748376,1-2
104768,Information Science,23.0,On-Campus,7.1,25,0,32,2.28,7.2,11/10/2023,0,On-Campus,2809,4,3.75,2023-11-10,-0.9089789811274223,2-3
106605,Business Analytics,24.0,On-Campus,10.6,18,1,114,2.45,7.9,11/21/2023,1,On-Campus,3785,5,2.4,2023-11-21,-0.7143615558008972,2-3
102291,Business Analytics,24.0,Off-Campus,3.5,20,3,85,2.43,11.3,12/20/2022,0,Off-Campus,3712,4,3.0,2022-12-20,0.23092308149936738,2-3
108036,Information Technology,35.0,Off-Campus,3.4,0,4,52,3.22,17.2,04/18/2024,0,Off-Campus,5091,3,2.6666666666666665,2024-04-18,1.8712699521086493,3-4
109786,Learning Technologies,25.0,On-Campus,16.2,30,1,72,2.16,10.9,27-Feb-2024,1,On-Campus,2532,3,1.6666666666666667,2024-02-27,0.1197131241699244,2-3
100436,Cybersecurity,30.0,Off-Campus,11.6,10,2,103,2.37,13.6,2023-11-05,0,Off-Campus,3619,3,2.0,2023-11-05,0.8703803361436636,2-3
105336,Cybersecurity,25.0,Off-Campus,19.8,35,0,40,2.03,5.2,09/17/2023,1,Off-Campus,2605,3,2.3333333333333335,2023-09-17,-1.4650287677746368,2-3
108935,Information Science,23.0,Off-Campus,20.7,10,0,10,1.86,10.469415807560136,28-Aug-2023,1,Off-Campus,1565,5,2.6,2023-08-28,-4.938714207789147e-16,1-2
103151,Information Science,21.0,Off-Campus,11.0,30,3,52,2.56,14.7,22-Feb-2024,0,Off-Campus,3908,5,3.4,2024-02-22,1.1762077187996314,2-3
108487,Cybersecurity,31.0,On-Campus,11.6,5,1,62,3.0,18.4,23-Feb-2024,0,On-Campus,4471,3,2.3333333333333335,2024-02-23,2.204899824096978,2-3
106558,Information Science,25.0,Off-Campus,16.3,30,2,55,2.46,15.3,09/24/2022,1,Off-Campus,3465,5,2.6,2022-09-24,1.3430226547937962,2-3
101642,Information Science,24.0,Off-Campus,34.2,20,2,90,1.42,10.5,02/19/2024,0,Off-Campus,2651,3,3.0,2024-02-19,0.008503166840481427,1-2
109902,Learning Technologies,21.0,With Family,19.1,25,3,107,0.0,3.5,2024-03-31,0,With Family,1405,3,3.3333333333333335,2024-03-31,-1.937671086424769,0-1
104373,Information Science,23.0,with family,15.3,5,0,26,1.22,1.9,14-Nov-2022,1,With Family,1220,5,2.4,2022-11-14,-2.3825109157425404,1-2
102410,Learning Technologies,30.0,Off-Campus,13.3,28,0,35,2.08,10.469415807560136,05/28/2024,1,Off-Campus,1223,3,3.6666666666666665,2024-05-28,-4.938714207789147e-16,2-3
108094,Learning Technologies,26.0,On-Campus,13.1,40,2,55,3.23,10.9,08/26/2022,0,On-Campus,4274,5,2.2,2022-08-26,0.1197131241699244,3-4
106238,Information Technology,22.0,With Family,22.8,0,5,96,1.62,11.2,2024-03-27,0,With Family,2172,5,3.5,2024-03-27,0.20312059216700626,1-2
105466,Cybersecurity,22.0,On-Campus,15.0,8,0,40,1.46,10.469415807560136,11/03/2023,0,On-Campus,1172,5,3.4,2023-11-03,-4.938714207789147e-16,1-2
107267,Information Technology,30.0,With Family,41.7,12,2,80,1.7,8.5,04/10/2024,1,With Family,2913,4,3.3333333333333335,2024-04-10,-0.5475466198067329,1-2
105562,Information Science,34.0,with family,7.0,20,3,90,2.8,11.4,03/17/2024,0,With Family,3607,5,2.8,2024-03-17,0.258725570831728,2-3
101456,Information  Science,24.0,Off-Campus,13.8,12,3,75,2.65,12.6,02/13/2024,0,Off-Campus,3464,5,3.25,2024-02-13,0.5923554428200565,2-3
101667,Cybersecurity,23.0,On-Campus,3.6,0,2,14,1.51,10.469415807560136,05-May-2024,0,On-Campus,2092,4,2.5,2024-05-05,-4.938714207789147e-16,1-2
105186,DataScience,22.0,off campus,8.2,20,1,41,3.16,12.8,2023-11-22,1,Off-Campus,3297,3,2.0,2023-11-22,0.6479604214847782,3-4
102841,Information Technology,23.0,On-Campus,39.6,15,3,65,2.62,15.2,11/12/2023,0,On-Campus,3924,5,2.6,2023-11-12,1.315220165461435,2-3
103662,Business Analytics,23.0,Off-campus,9.0,20,1,95,2.11,10.469415807560136,10/01/2022,0,Off-Campus,2032,5,1.8,2022-10-01,-4.938714207789147e-16,2-3
101013,Information Science,24.0,With Family,5.8,15,4,22,3.09,17.1,02/11/2024,0,With Family,4524,4,2.25,2024-02-11,1.8434674627762893,3-4
108065,Information Science,33.0,Off-Campus,11.9,25,3,65,2.56,10.0,12/01/2022,0,Off-Campus,3835,4,2.3333333333333335,2022-12-01,-0.13050927982132218,2-3
101610,Cyber Security,21.0,with family,9.8,15,4,87,1.93,6.1,02/12/2024,0,With Family,3198,4,3.5,2024-02-12,-1.2148063637833904,1-2
107089,Information Science,28.0,Off-Campus,24.6,5,2,66,1.95,9.6,2022-10-19,0,Off-Campus,3344,3,3.0,2022-10-19,-0.24171923715076515,1-2
103345,Learning Technologies,24.0,off campus,12.0,12,1,72,2.91,12.2,23-Aug-2022,0,Off-Campus,3784,3,2.3333333333333335,2022-08-23,0.4811454854906135,2-3
103267,Information Science,23.0, On-Campus,28.8,25,2,66,2.75,11.9,02/15/2024,0,On-Campus,4407,4,3.0,2024-02-15,0.3977380174935316,2-3
100754,Information Science,23.0,On-Campus,15.6,30,3,61,1.76,10.6,11/22/2022,1,On-Campus,2365,4,2.5,2022-11-22,0.036305656172842045,1-2
100020,Information Technology,24.0,off campus,16.7,15,1,31,0.6,4.4,09/19/2023,1,Off-Campus,1122,3,3.6666666666666665,2023-09-19,-1.6874486824335224,0-1
100148,Learning Technologies,25.0,On-Campus,18.9,20,1,36,0.0,10.469415807560136,2022-10-08,0,On-Campus,1091,4,3.25,2022-10-08,-4.938714207789147e-16,0-1
109106,Cybersecurity,25.0,Off-Campus,18.9,30,0,38,1.36,2.1,11/24/2022,1,Off-Campus,1044,4,2.25,2022-11-24,-2.326905937077819,1-2
101596,Learning Technologies,25.0,With Family,25.3,15,4,62,2.5,12.7,05/18/2024,0,With Family,3630,5,1.75,2024-05-18,0.6201579321524171,2-3
103093,Information Technology,32.0,Off-Campus,39.3,10,1,83,3.04,11.4,11/12/2022,0,Off-Campus,4077,3,3.0,2022-11-12,0.258725570831728,3-4
105527,Data Science,21.0,Off-Campus,13.9,20,3,40,1.89,8.4,12/17/2022,0,Off-Campus,2855,5,2.8,2022-12-17,-0.5753491091390935,1-2
101070,Learning Technologies,29.0,Off-campus,4.6,10,4,19,2.75,12.4,12/07/2022,0,Off-Campus,4222,4,2.0,2022-12-07,0.5367504641553352,2-3
101592,Cybersecurity,22.0,Off-campus,22.4,35,1,90,2.58,8.1,12/11/2022,0,Off-Campus,3255,4,2.25,2022-12-11,-0.658756577136176,2-3
104878,Information Science,30.0,On-Campus,1.8,0,1,87,2.12,8.2,11/30/2023,0,On-Campus,3086,3,3.3333333333333335,2023-11-30,-0.6309540878038153,2-3
108325,Cybersecurity,23.0,Off-Campus,8.0,20,1,74,2.16,11.7,08-Nov-2022,0,Off-Campus,4009,5,1.4,2022-11-08,0.34213303882880985,2-3
103842,Information Science,25.0,On-Campus,3.1,40,3,65,2.13,9.8,10/10/2022,0,On-Campus,2807,3,2.0,2022-10-10,-0.1861142584860434,2-3
109053,Cybersecurity,24.0,Off-Campus,4.1,20,2,7,2.21,8.5,05/25/2024,0,Off-Campus,2668,4,2.5,2024-05-25,-0.5475466198067329,2-3
102483,Information Science,26.0,Off-Campus,5.3,0,3,7,2.68,10.4,04-Oct-2022,0,Off-Campus,3666,5,2.6,2022-10-04,-0.019299322491879194,2-3
108361,Cyber Security,24.0,With Family,9.5,18,6,53,3.44,17.2,14-Dec-2022,0,With Family,5326,5,2.4,2022-12-14,1.8712699521086493,3-4
102950,Cybersecurity,26.0,Off-campus,7.5,15,5,51,2.41,13.4,10/17/2022,0,Off-Campus,4324,3,3.3333333333333335,2022-10-17,0.8147753574789424,2-3
103280,Information Technology,37.0,Off-Campus,2.4,10,1,59,1.39,10.469415807560136,10/17/2022,0,Off-Campus,2080,4,1.75,2022-10-17,-4.938714207789147e-16,1-2
101985,Information  Science,26.0,On-Campus,4.1,20,2,68,1.93,7.8,03-Feb-2024,0,On-Campus,2629,4,3.0,2024-02-03,-0.7421640451332581,1-2
102016,Business Analytics,20.0,With Family,8.5,0,4,41,3.06,15.0,04/28/2024,0,With Family,4403,5,2.4,2024-04-28,1.2596151867967138,3-4
108319,Information Science,23.0,Off-Campus,12.9,10,3,65,2.41,15.3,22-Nov-2022,0,Off-Campus,3953,5,3.6,2022-11-22,1.3430226547937962,2-3
103134,Information Science,27.0,With Family,1.4,25,1,59,1.55,5.0,2022-11-06,1,With Family,1023,3,2.0,2022-11-06,-1.5206337464393582,1-2
105188,Information Science,28.0,Off-Campus,13.2,25,1,58,2.16,7.2,10/16/2022,0,Off-Campus,2976,4,2.25,2022-10-16,-0.9089789811274223,2-3
106381,Cybersecurity,26.0,With Family,51.9,25,3,73,2.21,5.7,2024-04-14,1,With Family,2918,4,1.6666666666666667,2024-04-14,-1.326016321112833,2-3
100913,Data Science,23.0,On-Campus,4.9,15,1,74,3.08,11.8,09/19/2022,0,On-Campus,3979,3,2.6666666666666665,2022-09-19,0.369935528161171,3-4
104383,Information Technology,22.0,Off-Campus,7.1,0,2,97,2.49,7.0,08/30/2022,1,Off-Campus,2667,5,2.6,2022-08-30,-0.9645839597921437,2-3
102475,Information Science,23.0,On-Campus,27.8,10,3,50,1.77,6.7,2023-12-05,1,On-Campus,2638,4,2.5,2023-12-05,-1.047991427789226,1-2
108803,Data Science,25.0,on-campus,2.2,0,3,41,2.7,13.9,10/03/2022,0,On-Campus,3889,5,2.0,2022-10-03,0.9537878041407459,2-3
104795,Business Analytics,23.0,Off-Campus,10.5,5,0,84,3.32,9.3,2022-09-11,0,Off-Campus,3787,4,2.5,2022-09-11,-0.32512670514784703,3-4
104004,Learning Technologies,32.0,With Family,8.7,20,3,60,3.41,15.0,04/29/2024,0,With Family,4175,4,2.3333333333333335,2024-04-29,1.2596151867967138,3-4
100327,Cyber Security,29.0,On-Campus,18.3,10,1,13,2.51,9.1,2024-02-19,0,On-Campus,3795,3,3.6666666666666665,2024-02-19,-0.3807316838125687,2-3
103818,Business Analytics,25.0,On-Campus,1.7,28,2,87,2.74,15.9,2023-10-10,0,On-Campus,3689,3,3.3333333333333335,2023-10-10,1.5098375907879604,2-3
106237,Cybersecurity,25.0, On-Campus,6.3,28,5,85,2.92,14.7,10/18/2022,0,On-Campus,4508,3,3.0,2022-10-18,1.1762077187996314,2-3
108337,Cybersecurity,23.0,Off-Campus,16.9,15,1,68,2.76,13.6,04/08/2024,0,Off-Campus,3360,3,3.6666666666666665,2024-04-08,0.8703803361436636,2-3
101657,Data Science,23.0,With Family,11.4,25,2,42,1.64,6.2,02/06/2024,0,With Family,2316,4,4.0,2024-02-06,-1.1870038744510294,1-2
103508,Information Technology,24.0,With Family,5.3,25,1,54,2.88,12.7,2024-03-19,0,With Family,3353,3,2.6666666666666665,2024-03-19,0.6201579321524171,2-3
107031,Information Technology,24.0,Off-Campus,3.9,18,3,48,3.07,11.2,10/20/2022,0,Off-Campus,4381,5,2.8,2022-10-20,0.20312059216700626,3-4
104547,Cybersecurity,23.0,On-Campus,7.3,10,3,62,2.49,17.0,05/27/2024,0,On-Campus,4753,4,3.0,2024-05-27,1.8156649734439283,2-3
101572,Business Analytics,33.0,Off-Campus,7.6,30,2,62,2.46,12.5,2022-11-20,0,Off-Campus,3722,4,2.5,2022-11-20,0.5645529534876959,2-3
105796,Information Technology,26.0,Off-Campus,13.6,15,0,38,2.89,8.1,12/03/2023,0,Off-Campus,3128,3,2.6666666666666665,2023-12-03,-0.658756577136176,2-3
109844,Cybersecurity,23.0,Off-Campus,4.7,0,5,69,2.49,17.5,01/31/2024,0,Off-Campus,4012,5,2.0,2024-01-31,1.9546774201057318,2-3
100546,Learning Technologies,28.0,Off-Campus,19.4,5,4,74,2.63,11.2,09/07/2023,0,Off-Campus,3364,3,2.5,2023-09-07,0.20312059216700626,2-3
105698,Information Science,24.0,With Family,17.3,0,4,61,3.11,12.4,02/04/2024,0,With Family,4175,5,2.2,2024-02-04,0.5367504641553352,3-4
109185,Learning Technologies,28.0,off campus,4.5,12,1,56,3.78,15.6,24-Aug-2022,0,Off-Campus,5285,5,1.75,2022-08-24,1.426430122790878,3-4
105823,Information Science,24.0,With Family,12.5,30,4,78,2.82,10.7,03/15/2024,0,With Family,2957,3,2.6666666666666665,2024-03-15,0.06410814550520266,2-3
109103,Business Analytics,21.0,On-Campus,20.5,30,2,75,1.79,10.7,03/25/2024,0,On-Campus,2446,5,2.8,2024-03-25,0.06410814550520266,1-2
105334,Cybersecurity,25.0,On-Campus,0.5,30,7,18,3.18,11.8,09/20/2022,0,On-Campus,4259,5,2.6,2022-09-20,0.369935528161171,3-4
105572,Cybersecurity,28.0,Off-Campus,2.7,28,1,62,2.11,10.5,2022-10-14,0,Off-Campus,3249,3,3.3333333333333335,2022-10-14,0.008503166840481427,2-3
105051,Learning Technologies,27.0,Off-campus,13.9,20,4,5,1.54,10.4,03/05/2024,0,Off-Campus,2769,4,3.3333333333333335,2024-03-05,-0.019299322491879194,1-2
101691,Cyber Security,22.0,On-Campus,11.5,20,2,14,2.43,14.3,12/20/2022,0,On-Campus,3754,4,2.6666666666666665,2022-12-20,1.0649977614701889,2-3
107178,Information Science,22.0,on-campus,20.1,30,0,56,1.52,5.1,2022-09-15,1,On-Campus,1872,4,3.0,2022-09-15,-1.4928312571069975,1-2
106749,Information Technology,29.0,On-Campus,6.8,30,3,63,2.06,13.4,12/02/2022,0,On-Campus,3401,4,2.75,2022-12-02,0.8147753574789424,2-3
109923,Information Technology,34.0, On-Campus,13.9,5,0,69,2.5,12.0,04/04/2024,0,On-Campus,4019,4,1.6666666666666667,2024-04-04,0.42554050682589223,2-3
109258,Business Analytics,30.0,Off-Campus,1.9,0,1,27,3.01,11.8,04/20/2024,0,Off-Campus,3521,3,3.0,2024-04-20,0.369935528161171,3-4
103777,Cybersecurity,23.0,With Family,17.4,0,0,35,2.15,10.6,09/22/2022,0,With Family,3228,3,3.0,2022-09-22,0.036305656172842045,2-3
103441,Cybersecurity,29.0,Off-Campus,9.7,10,2,96,2.6,14.8,31-Aug-2023,0,Off-Campus,4360,3,3.0,2023-08-31,1.2040102081319926,2-3
109030,Information Technology,29.0,With Family,18.7,20,3,37,2.07,4.9,2022-09-19,1,With Family,1922,5,2.75,2022-09-19,-1.5484362357717187,2-3
105833,Information Technology,21.0,Off-Campus,2.8,12,3,51,3.17,13.9,09/26/2023,0,Off-Campus,3971,4,2.5,2023-09-26,0.9537878041407459,3-4
100747,Information Technology,24.0,Off-Campus,9.3,12,3,79,2.48,13.2,12/11/2022,0,Off-Campus,4135,4,2.25,2022-12-11,0.7591703788142207,2-3
103141,Learning Technologies,28.0,On-Campus,1.5,10,5,14,3.63,18.4,12/15/2022,0,On-Campus,4759,5,1.5,2022-12-15,2.204899824096978,3-4
106805,DataScience,23.0,Off-Campus,16.0,25,1,84,1.99,7.3,03/11/2024,0,Off-Campus,1991,4,2.75,2024-03-11,-0.8811764917950616,1-2
105271,Learning Technologies,20.0,With Family,25.6,18,2,42,1.97,6.9,27-Feb-2024,0,With Family,2401,5,2.6,2024-02-27,-0.9923864491245044,1-2
105386,Information Technology,32.0,Off-Campus,8.5,40,0,78,3.01,10.469415807560136,10/27/2022,1,Off-Campus,2688,5,2.0,2022-10-27,-4.938714207789147e-16,3-4
107106,Business Analytics,26.0,Off-Campus,28.9,12,0,57,2.21,4.4,2024-02-22,0,Off-Campus,2681,3,1.6666666666666667,2024-02-22,-1.6874486824335224,2-3
100686,Information Science,29.0,Off-Campus,7.7,20,5,66,1.64,5.8,2024-03-31,0,Off-Campus,3106,3,3.6666666666666665,2024-03-31,-1.2982138317804723,1-2
106409,Data Science,26.0,On-Campus,2.5,0,2,63,2.94,10.7,10/24/2022,0,On-Campus,4130,4,2.25,2022-10-24,0.06410814550520266,2-3
102650,Cybersecurity,26.0, On-Campus,27.0,10,3,23,2.68,10.5,03/12/2024,0,On-Campus,4491,4,2.0,2024-03-12,0.008503166840481427,2-3
105275,DataScience,22.0,On-Campus,6.9,25,2,79,1.8,10.469415807560136,30-Aug-2022,1,On-Campus,2268,5,1.6,2022-08-30,-4.938714207789147e-16,1-2
104610,Cybersecurity,27.0,Off-Campus,20.9,0,0,76,1.79,9.0,2023-09-01,0,Off-Campus,3302,5,2.8,2023-09-01,-0.40853417314492935,1-2
102098,Cybersecurity,27.0,Off-Campus,7.6,15,1,39,3.21,17.7,06-Dec-2022,0,Off-Campus,4373,4,2.5,2022-12-06,2.0102823987704532,3-4
103656,Data Science,23.0,On-Campus,2.0,0,1,72,2.82,7.7,2022-11-23,0,On-Campus,4344,5,1.6,2022-11-23,-0.7699665344656187,2-3
105656,Information Technology,30.0,Off-Campus,9.8,18,5,42,3.33,16.2,09/08/2022,0,Off-Campus,4257,4,2.5,2022-09-08,1.5932450587850422,3-4
104271,Information Science,32.0,off campus,5.9,0,6,41,2.39,16.9,2022-10-06,0,Off-Campus,3871,5,3.2,2022-10-06,1.7878624841115671,2-3
107347,Cybersecurity,24.0,With Family,23.8,15,5,15,2.69,7.1,07-May-2024,0,With Family,3318,5,3.6,2024-05-07,-0.9367814704597831,2-3
105340,Information Science,21.0,On-Campus,16.3,40,1,80,2.0,6.1,11/04/2023,0,On-Campus,1851,3,3.0,2023-11-04,-1.2148063637833904,1-2
100128,Information Technology,27.0,On-Campus,5.5,5,4,25,3.22,12.8,11/15/2023,0,On-Campus,4184,3,3.0,2023-11-15,0.6479604214847782,3-4
107504,Learning Technologies,24.0,Off-Campus,15.2,10,0,42,2.07,10.2,2022-11-05,0,Off-Campus,3979,4,3.0,2022-11-05,-0.07490430115660093,2-3
102829,Information Technology,26.0,With Family,2.3,5,2,65,2.01,8.5,09/24/2022,1,With Family,2345,3,0.6666666666666666,2022-09-24,-0.5475466198067329,2-3
105588,Information Science,26.0,With Family,3.8,18,2,60,2.5,11.3,09/26/2022,0,With Family,3447,3,3.0,2022-09-26,0.23092308149936738,2-3
105150,Cybersecurity,22.0,Off-Campus,5.2,12,2,6,2.71,11.9,11/18/2022,1,Off-Campus,3314,3,2.6666666666666665,2022-11-18,0.3977380174935316,2-3
108683,Cybersecurity,20.0,Off-campus,10.1,12,1,64,2.08,7.0,11/22/2022,0,Off-Campus,3769,5,2.4,2022-11-22,-0.9645839597921437,2-3
102832,Cybersecurity,26.0,Off-Campus,22.7,12,2,55,1.52,10.469415807560136,05/21/2024,0,Off-Campus,1974,4,2.0,2024-05-21,-4.938714207789147e-16,1-2
106165,Cybersecurity,24.0,Off-Campus,15.6,28,5,63,1.97,8.0,10/05/2022,0,Off-Campus,2781,4,3.0,2022-10-05,-0.6865590664685366,1-2
107961,Business Analytics,28.0,On-Campus,18.4,25,1,44,0.74,10.469415807560136,2022-10-11,0,On-Campus,1181,5,2.2,2022-10-11,-4.938714207789147e-16,0-1
101751,Cybersecurity,28.0,on-campus,3.4,5,6,44,2.12,8.8,05/13/2024,0,On-Campus,2740,4,2.75,2024-05-13,-0.4641391518096506,2-3
103676,Business Analytics,23.0,With Family,5.1,10,5,34,3.69,10.3,2022-11-05,0,With Family,4589,4,2.75,2022-11-05,-0.047101811824239816,3-4
108244,Information Technology,22.0,Off-Campus,7.7,5,0,89,2.97,14.4,2023-09-09,0,Off-Campus,3763,5,1.6,2023-09-09,1.0928002508025496,2-3
103783,Cybersecurity,24.0,Off-Campus,2.0,28,2,30,2.02,3.3,09/06/2023,1,Off-Campus,1836,5,3.25,2023-09-06,-1.9932760650894905,2-3
102047,Learning Technologies,25.0,Off-campus,8.5,5,0,42,2.78,12.6,10/28/2023,0,Off-Campus,3824,5,2.75,2023-10-28,0.5923554428200565,2-3
109863,Cybersecurity,26.0,With Family,20.7,28,2,47,1.26,6.1,11/20/2022,1,With Family,1576,4,2.0,2022-11-20,-1.2148063637833904,1-2
102094,Cybersecurity,21.0,With Family,11.8,10,3,46,3.75,13.6,10/23/2022,0,With Family,5465,3,3.0,2022-10-23,0.8703803361436636,3-4
103854,Cybersecurity,25.0,On-Campus,4.6,0,3,67,2.87,9.7,2024-03-22,0,On-Campus,4430,4,2.75,2024-03-22,-0.21391674781840453,2-3
107778,Data Science,24.0,Off-Campus,4.7,30,2,8,2.45,11.9,12/04/2022,0,Off-Campus,3324,4,3.5,2022-12-04,0.3977380174935316,2-3
108211,Cybersecurity,26.0,With Family,4.8,0,1,38,3.91,15.2,2024-05-10,0,With Family,5264,4,1.75,2024-05-10,1.315220165461435,3-4
105739,Information Technology,26.0,With Family,7.6,20,1,67,1.86,7.7,12/17/2022,0,With Family,2690,4,2.75,2022-12-17,-0.7699665344656187,1-2
100210,Data Science,27.0,Off-Campus,21.7,0,0,22,0.0,10.469415807560136,09/10/2022,1,Off-Campus,1171,3,2.5,2022-09-10,-4.938714207789147e-16,0-1
101515,Business Analytics,23.0,On-Campus,22.8,12,0,40,0.92,6.8,2024-05-14,1,On-Campus,1250,4,2.25,2024-05-14,-1.0201889384568652,0-1
109178,Cybersecurity,26.0,Off-Campus,20.3,25,3,91,1.61,5.6,26-Oct-2022,0,Off-Campus,2721,5,3.6,2022-10-26,-1.353818810445194,1-2
108888,Information  Science,27.0,With Family,10.6,12,3,33,3.3,14.2,2024-03-07,0,With Family,4978,3,3.0,2024-03-07,1.037195272137828,3-4
104644,Cybersecurity,24.0,With Family,6.3,35,0,17,1.72,6.5,04/10/2024,1,With Family,1839,3,3.0,2024-04-10,-1.1035964064539474,1-2
107905,Learning Technologies,23.0,Off-Campus,6.0,25,1,66,3.1,9.6,2022-08-24,0,Off-Campus,3483,5,2.5,2022-08-24,-0.24171923715076515,3-4
100783,Data Science,29.0,Off-Campus,19.0,5,4,42,2.08,8.6,12/18/2022,1,Off-Campus,2859,4,2.75,2022-12-18,-0.5197441304743723,2-3
107821,DataScience,20.0,On-Campus,2.4,15,0,72,3.47,13.2,2022-10-25,0,On-Campus,4499,3,3.0,2022-10-25,0.7591703788142207,3-4
105936,Learning Technologies,23.0,Off-campus,10.7,5,2,49,2.2,10.469415807560136,02/01/2024,0,Off-Campus,3331,3,2.6666666666666665,2024-02-01,-4.938714207789147e-16,2-3
107507,Information Science,24.0,On-Campus,19.0,35,2,94,1.02,1.6,03/22/2024,1,On-Campus,1139,5,3.2,2024-03-22,-2.4659183837396226,1-2
107255,Learning Technologies,28.0,with family,1.5,15,5,80,2.16,9.6,05/02/2024,0,With Family,3202,4,2.5,2024-05-02,-0.24171923715076515,2-3
101394,Cybersecurity,23.0,Off-Campus,17.1,5,2,89,1.45,10.469415807560136,10/22/2023,1,Off-Campus,2016,5,2.8,2023-10-22,-4.938714207789147e-16,1-2
104557,Data Science,22.0,With Family,12.5,35,2,38,2.12,10.3,2022-09-26,0,With Family,3520,4,4.0,2022-09-26,-0.047101811824239816,2-3
108902,Data Science,21.0,Off-Campus,25.2,30,0,67,1.65,10.469415807560136,12/02/2022,0,Off-Campus,1740,3,2.3333333333333335,2022-12-02,-4.938714207789147e-16,1-2
105179,Cybersecurity,26.0,On-Campus,4.4,0,4,47,2.62,6.8,12/19/2022,1,On-Campus,3102,3,3.3333333333333335,2022-12-19,-1.0201889384568652,2-3
103828,Data Science,28.0,With Family,7.6,5,2,58,1.64,8.7,09/03/2022,0,With Family,2503,3,2.6666666666666665,2022-09-03,-0.4919416411420117,1-2
102179,Business Analytics,23.0,Off-campus,16.4,0,2,5,2.02,8.7,11/08/2022,0,Off-Campus,2722,5,2.5,2022-11-08,-0.4919416411420117,2-3
108917,Business Analytics,25.0,On-Campus,13.5,20,1,58,2.7,10.469415807560136,2022-11-19,0,On-Campus,3698,4,2.5,2022-11-19,-4.938714207789147e-16,2-3
108925,Cybersecurity,29.0,Off-Campus,40.8,35,0,48,1.32,10.469415807560136,2023-10-13,0,Off-Campus,2735,5,3.5,2023-10-13,-4.938714207789147e-16,1-2
105973,Learning Technologies,26.0,Off-Campus,6.9,25,2,46,3.34,16.3,08-Sep-2023,0,Off-Campus,3955,3,3.0,2023-09-08,1.6210475481174034,3-4
101092,Information Technology,21.0,Off-Campus,5.1,12,2,18,1.32,7.4,02/06/2024,0,Off-Campus,2734,5,2.5,2024-02-06,-0.8533740024627008,1-2
104972,Cybersecurity,28.0,on-campus,18.1,40,1,4,2.99,8.1,10/09/2022,0,On-Campus,3150,5,2.8,2022-10-09,-0.658756577136176,2-3
104233,Data Science,23.0,On-Campus,11.8,20,1,36,2.45,6.1,10/19/2022,0,On-Campus,2771,5,1.8,2022-10-19,-1.2148063637833904,2-3
107490,Cybersecurity,23.0,Off-campus,40.6,30,0,0,1.26,10.469415807560136,05/22/2024,0,Off-Campus,1268,3,1.5,2024-05-22,-4.938714207789147e-16,1-2
100907,Business Analytics,22.0,On-Campus,7.5,10,0,62,2.24,10.469415807560136,03/24/2024,1,On-Campus,2390,5,2.4,2024-03-24,-4.938714207789147e-16,2-3
101589,Information Science,24.0,Off-Campus,4.5,25,4,121,1.75,4.4,30-Aug-2023,1,Off-Campus,1967,4,2.0,2023-08-30,-1.6874486824335224,1-2
102099,DataScience,25.0,Off-Campus,14.1,10,0,26,2.36,14.8,2022-11-08,0,Off-Campus,3842,4,3.3333333333333335,2022-11-08,1.2040102081319926,2-3
102006,Information Science,32.0,With Family,35.0,30,1,45,1.58,7.0,03/02/2024,0,With Family,2026,4,2.25,2024-03-02,-0.9645839597921437,1-2
101696,Learning Technologies,29.0,with family,17.1,0,0,69,1.29,3.5,21-Nov-2023,0,With Family,2196,3,1.6666666666666667,2023-11-21,-1.937671086424769,1-2
109390,Business Analytics,29.0,off campus,4.9,10,3,47,2.36,8.3,21-Nov-2022,1,Off-Campus,2738,4,2.6666666666666665,2022-11-21,-0.6031515984714542,2-3
102640,Cybersecurity,26.0,With Family,4.3,18,5,22,3.35,13.8,10/18/2022,1,With Family,4992,4,2.25,2022-10-18,0.9259853148083854,3-4
107591,Business Analytics,25.0,with family,4.9,15,1,63,3.06,14.4,08/29/2022,0,With Family,4450,5,2.75,2022-08-29,1.0928002508025496,3-4
100799,Data Science,25.0,On-Campus,1.6,25,2,50,1.84,9.7,04/02/2024,0,On-Campus,3440,3,1.6666666666666667,2024-04-02,-0.21391674781840453,1-2
103587,Cybersecurity,29.0,with family,26.5,10,2,71,1.08,0.6,11/11/2023,0,With Family,1274,5,3.2,2023-11-11,-2.74394327706323,1-2
101055,Information Science,23.0,on-campus,0.7,5,2,26,3.78,21.6,01/30/2024,0,On-Campus,5004,5,2.4,2024-01-30,3.0945794827325215,3-4
103478,Cybersecurity,27.0,Off-Campus,0.8,30,3,94,1.75,10.469415807560136,10/25/2022,0,Off-Campus,2598,4,3.25,2022-10-25,-4.938714207789147e-16,1-2
104831,Cybersecurity,31.0,on-campus,14.0,12,1,27,3.77,17.0,2022-09-17,0,On-Campus,5141,5,3.6,2022-09-17,1.8156649734439283,3-4
101854,Business Analytics,29.0,With Family,31.1,28,2,17,1.56,4.4,04-May-2024,1,With Family,1311,3,3.0,2024-05-04,-1.6874486824335224,1-2
102259,Data Science,30.0,With Family,1.4,20,2,19,2.15,10.4,2022-09-08,1,With Family,3398,4,2.25,2022-09-08,-0.019299322491879194,2-3
109921,Data Science,23.0,Off-Campus,3.8,30,3,73,2.19,7.1,18-Sep-2022,0,Off-Campus,2816,4,2.5,2022-09-18,-0.9367814704597831,2-3
100854,Data Science,27.0,With Family,9.7,0,1,78,2.23,12.8,11/24/2022,0,With Family,3845,3,3.0,2022-11-24,0.6479604214847782,2-3
106426,Business Analytics,23.0,on-campus,34.1,15,1,42,2.27,10.2,27-Sep-2022,0,On-Campus,3591,4,3.0,2022-09-27,-0.07490430115660093,2-3
100212,Cybersecurity,23.0,On-Campus,15.6,30,0,0,0.0,10.469415807560136,01/18/2025,0,On-Campus,942,5,1.6,2025-01-18,-4.938714207789147e-16,0-1
107194,Cybersecurity,26.0,With Family,4.6,15,6,3,2.25,10.2,18-Mar-2024,0,With Family,3402,5,2.4,2024-03-18,-0.07490430115660093,2-3
108502,Learning Technologies,22.0,With Family,8.6,28,1,64,3.24,9.2,10/07/2022,1,With Family,3791,4,3.25,2022-10-07,-0.3529291944802081,3-4
100844,Cybersecurity,27.0,Off-Campus,23.5,28,1,33,1.07,10.469415807560136,02/03/2024,0,Off-Campus,1572,5,2.6,2024-02-03,-4.938714207789147e-16,1-2
102578,Business Analytics,21.0,Off-Campus,3.5,35,2,68,2.94,9.2,11/09/2022,1,Off-Campus,3274,5,2.0,2022-11-09,-0.3529291944802081,2-3
104381,Data Science,23.0,With Family,21.2,15,1,89,1.93,4.5,14-Apr-2024,0,With Family,2308,4,2.75,2024-04-14,-1.6596461931011617,1-2
104212,Business Analytics,22.0,On-Campus,2.6,25,2,32,2.14,9.8,12/14/2022,0,On-Campus,2962,4,4.0,2022-12-14,-0.1861142584860434,2-3
101163,Data Science,24.0,With Family,20.2,10,1,36,1.58,1.7,2022-09-22,0,With Family,1768,5,2.8,2022-09-22,-2.4381158944072623,1-2
102906,Learning Technologies,22.0,off campus,17.3,0,5,68,2.93,11.1,04/20/2024,0,Off-Campus,3670,3,3.6666666666666665,2024-04-20,0.17531810283464563,2-3
104056,Data Science,22.0,On-Campus,31.0,40,0,49,1.09,10.469415807560136,28-Apr-2024,1,On-Campus,1089,5,2.4,2024-04-28,-4.938714207789147e-16,1-2
107004,Data Science,27.0,Off-Campus,5.8,12,2,99,2.45,10.469415807560136,2024-03-07,0,Off-Campus,3301,5,2.0,2024-03-07,-4.938714207789147e-16,2-3
100273,Information Technology,22.0,With Family,7.1,12,3,54,2.17,10.469415807560136,2024-03-11,0,With Family,3627,3,3.6666666666666665,2024-03-11,-4.938714207789147e-16,2-3
108896,Learning Technologies,22.0,With Family,13.7,30,4,27,2.84,13.0,09/13/2022,0,With Family,4203,3,3.0,2022-09-13,0.7035654001494994,2-3
106674,DataScience,24.0,on-campus,10.6,5,4,0,2.79,16.1,2022-10-12,0,On-Campus,4151,5,2.25,2022-10-12,1.5654425694526821,2-3
108946,Cybersecurity,22.0,With Family,13.2,0,0,69,2.89,9.3,12/16/2023,0,With Family,3840,4,2.25,2023-12-16,-0.32512670514784703,2-3
101007,Data Science,22.0,Off-Campus,0.9,0,0,90,2.19,7.4,09/27/2022,1,Off-Campus,3423,5,3.0,2022-09-27,-0.8533740024627008,2-3
102921,Information Technology,24.0,Off-campus,8.7,20,4,0,1.3,2.8,12/18/2023,0,Off-Campus,2332,4,1.75,2023-12-18,-2.132288511751294,1-2
106313,Cybersecurity,22.0,With Family,10.5,5,3,47,3.2,10.469415807560136,02/09/2024,0,With Family,4064,5,2.0,2024-02-09,-4.938714207789147e-16,3-4
100531,Business Analytics,26.0,Off-Campus,2.5,40,0,24,1.74,4.8,02-Nov-2022,0,Off-Campus,2614,3,2.0,2022-11-02,-1.5762387251040797,1-2
105205,Cybersecurity,24.0,On-Campus,4.5,15,0,71,2.32,9.3,2024-02-13,0,On-Campus,4309,5,2.4,2024-02-13,-0.32512670514784703,2-3
102889,Learning Technologies,22.0,off campus,8.7,35,0,92,2.47,7.4,08/23/2022,0,Off-Campus,3005,3,2.6666666666666665,2022-08-23,-0.8533740024627008,2-3
105384,Information Science,25.0,off campus,19.3,18,4,55,2.29,11.4,12-Mar-2024,0,Off-Campus,3684,3,3.0,2024-03-12,0.258725570831728,2-3
109058,Information Science,21.0,Off-Campus,33.8,0,2,18,1.82,7.0,09/24/2022,0,Off-Campus,2813,4,2.75,2022-09-24,-0.9645839597921437,1-2
107162,Information  Science,23.0,With Family,2.5,12,4,16,1.66,9.6,09/02/2022,1,With Family,2306,3,2.6666666666666665,2022-09-02,-0.24171923715076515,1-2
101541,Information Technology,32.0,Off-campus,3.3,25,0,53,1.82,6.0,2023-10-24,0,Off-Campus,2711,5,3.0,2023-10-24,-1.2426088531157509,1-2
102163,Information Science,27.0,Off-Campus,5.3,20,0,46,2.15,9.5,23-Sep-2022,0,Off-Campus,2759,5,1.8,2022-09-23,-0.2695217264831258,2-3
103978,Information Technology,27.0,off campus,17.5,20,1,14,2.03,12.7,09/23/2022,0,Off-Campus,2956,5,3.75,2022-09-23,0.6201579321524171,2-3
100442,Cybersecurity,23.0,on-campus,14.8,18,1,115,3.7,18.1,19-Nov-2023,0,On-Campus,5333,4,1.25,2023-11-19,2.1214923560998966,3-4
101280,Information Science,28.0,Off-Campus,4.6,20,1,49,2.51,11.3,08/21/2023,0,Off-Campus,3434,5,2.4,2023-08-21,0.23092308149936738,2-3
105871,Business Analytics,29.0,off campus,14.3,15,1,50,2.88,12.9,11/08/2023,0,Off-Campus,4687,3,3.0,2023-11-08,0.6757629108171388,2-3
106132,Data Science,26.0,Off-Campus,9.8,15,3,49,2.58,11.9,11-Nov-2022,0,Off-Campus,3870,4,2.5,2022-11-11,0.3977380174935316,2-3
100494,Cybersecurity,24.0,On-Campus,19.4,18,1,55,1.33,3.2,09/18/2022,1,On-Campus,2116,3,2.6666666666666665,2022-09-18,-2.0210785544218512,1-2
100190,Data Science,38.0,Off-Campus,12.8,10,2,0,0.0,5.6,2025-01-17,0,Off-Campus,2237,4,2.75,2025-01-17,-1.353818810445194,0-1
104489,Information Science,26.0,On-Campus,11.3,25,0,77,1.79,5.3,09/04/2023,0,On-Campus,2943,3,3.0,2023-09-04,-1.437226278442276,1-2
102782,Data Science,23.0,on-campus,8.7,0,2,63,1.43,0.5,01-Feb-2024,1,On-Campus,1200,4,1.0,2024-02-01,-2.7717457663955907,1-2
105052,Information  Science,24.0,off campus,4.8,20,1,41,3.25,12.0,08/27/2022,0,Off-Campus,3867,4,4.0,2022-08-27,0.42554050682589223,3-4
102038,Cybersecurity,24.0,with family,10.3,35,5,87,3.09,12.6,09/17/2023,0,With Family,3940,5,3.0,2023-09-17,0.5923554428200565,3-4
101897,DataScience,26.0,With Family,10.3,5,3,35,3.47,16.6,02/07/2024,0,With Family,4894,3,3.6666666666666665,2024-02-07,1.7044550161144858,3-4
106015,Information Science,27.0,Off-campus,13.0,0,2,15,3.45,17.0,12/11/2022,0,Off-Campus,4743,3,2.6666666666666665,2022-12-11,1.8156649734439283,3-4
103324,Learning Technologies,22.0,Off-Campus,3.8,10,4,78,3.37,15.9,10/03/2022,0,Off-Campus,4742,3,4.0,2022-10-03,1.5098375907879604,3-4
109446,Information Science,28.0,With Family,16.3,12,1,38,2.09,7.9,2022-11-23,0,With Family,2771,4,2.75,2022-11-23,-0.7143615558008972,2-3
105812,Information Technology,27.0,off campus,2.6,12,4,35,2.33,9.9,09/25/2022,0,Off-Campus,3679,3,2.0,2022-09-25,-0.15831176915368278,2-3
100901,Information Technology,31.0,Off-Campus,15.2,35,1,1,1.35,1.9,2022-11-06,1,Off-Campus,1195,3,3.0,2022-11-06,-2.3825109157425404,1-2
108392,Information Science,30.0,On-Campus,10.6,20,2,23,1.43,7.4,25-Nov-2022,1,On-Campus,2584,4,2.25,2022-11-25,-0.8533740024627008,1-2
109709,Information Technology,32.0,Off-Campus,11.3,30,0,11,2.01,6.6,03/28/2024,1,Off-Campus,2525,5,2.5,2024-03-28,-1.0757939171215867,2-3
105618,Business Analytics,26.0,Off-Campus,2.2,20,4,52,3.4,15.4,09/08/2022,0,Off-Campus,4158,5,1.8,2022-09-08,1.3708251441261567,3-4
107540,Information Science,23.0,With Family,29.9,28,1,16,1.12,1.5,10/18/2022,0,With Family,917,3,2.3333333333333335,2022-10-18,-2.4937208730719833,1-2
100676,Cybersecurity,26.0,On-Campus,10.8,40,2,73,0.0,6.1,2024-04-17,1,On-Campus,1747,5,3.0,2024-04-17,-1.2148063637833904,0-1
102327,Business Analytics,24.0,On-Campus,3.6,20,3,61,0.0,10.469415807560136,27-Nov-2023,1,On-Campus,1283,5,2.8,2023-11-27,-4.938714207789147e-16,0-1
102236,Business Analytics,24.0,With Family,46.0,10,1,78,2.69,13.9,12/16/2022,0,With Family,3958,4,1.0,2022-12-16,0.9537878041407459,2-3
107308,Information Science,33.0,on-campus,1.5,20,4,27,2.17,12.4,2024-04-29,0,On-Campus,3093,5,2.2,2024-04-29,0.5367504641553352,2-3
102345,Information Technology,23.0,On-Campus,7.7,28,3,26,1.84,9.3,10/31/2022,1,On-Campus,2695,3,3.3333333333333335,2022-10-31,-0.32512670514784703,1-2
103657,Information Technology,24.0,Off-Campus,6.8,20,3,81,1.78,7.7,2024-04-12,0,Off-Campus,3045,4,3.75,2024-04-12,-0.7699665344656187,1-2
105489,Cybersecurity,26.0,off campus,7.1,15,0,41,2.48,7.8,2023-10-12,0,Off-Campus,2745,5,2.75,2023-10-12,-0.7421640451332581,2-3
103555,Business Analytics,21.0,With Family,12.0,12,2,20,2.71,10.3,03/19/2024,0,With Family,3427,5,2.75,2024-03-19,-0.047101811824239816,2-3
101415,Cybersecurity,28.0,off campus,1.9,15,1,39,2.74,13.2,2023-11-24,0,Off-Campus,4830,5,2.6,2023-11-24,0.7591703788142207,2-3
100566,Learning Technologies,26.0,On-Campus,4.2,5,1,48,3.15,13.9,09/14/2023,0,On-Campus,4036,5,2.0,2023-09-14,0.9537878041407459,3-4
100231,Business Analytics,23.0,With Family,0.4,15,7,49,3.68,16.6,10/09/2023,0,With Family,4970,5,4.0,2023-10-09,1.7044550161144858,3-4
107149,Data Science,32.0,with family,1.7,20,3,47,2.59,15.1,01/30/2024,0,With Family,4155,3,4.0,2024-01-30,1.2874176761290743,2-3
107433,Information Technology,26.0,on-campus,5.5,15,3,50,2.42,10.7,10/12/2023,0,On-Campus,3495,3,3.0,2023-10-12,0.06410814550520266,2-3
101537,Information Technology,22.0,With Family,15.3,28,1,97,1.4,2.4,2022-11-20,1,With Family,2014,3,3.0,2022-11-20,-2.2434984690807367,1-2
100051,Cyber Security,28.0,On-Campus,4.1,25,5,77,2.14,6.9,10/03/2023,0,On-Campus,3008,3,2.6666666666666665,2023-10-03,-0.9923864491245044,2-3
107148,Information Technology,26.0,Off-Campus,5.1,10,1,59,2.65,10.9,10/19/2022,0,Off-Campus,3567,3,3.3333333333333335,2022-10-19,0.1197131241699244,2-3
101525,Cybersecurity,21.0,With Family,4.5,25,2,63,2.41,11.2,09/19/2023,0,With Family,3644,5,2.2,2023-09-19,0.20312059216700626,2-3
106936,Information Technology,28.0,Off-Campus,19.3,0,1,53,1.4,3.8,05/18/2024,1,Off-Campus,1320,5,3.0,2024-05-18,-1.8542636184276868,1-2
109608,Information Science,21.0,on-campus,7.1,12,3,10,1.42,3.6,11/05/2022,0,On-Campus,2105,4,4.0,2022-11-05,-1.9098685970924083,1-2
103158,Cybersecurity,27.0,On-Campus,15.4,30,1,86,2.46,11.6,18-Dec-2022,0,On-Campus,3411,4,3.5,2022-12-18,0.31433054949644923,2-3
107090,Learning Technologies,27.0,On-Campus,0.7,10,3,77,2.44,8.2,08/26/2022,0,On-Campus,2429,4,2.25,2022-08-26,-0.6309540878038153,2-3
100697,Business Analytics,31.0,off campus,30.6,20,2,65,2.53,14.5,12/07/2022,0,Off-Campus,3768,4,2.75,2022-12-07,1.1206027401349101,2-3
102242,Learning Technologies,24.0,With Family,2.8,5,2,55,1.91,5.7,15-Sep-2023,1,With Family,2217,4,3.75,2023-09-15,-1.326016321112833,1-2
101067,Learning Technologies,29.0,Off-Campus,31.0,20,1,31,1.26,4.1,03/05/2024,1,Off-Campus,1402,5,2.75,2024-03-05,-1.7708561504306046,1-2
100166,Data Science,23.0,Off-Campus,15.7,25,2,64,1.84,5.7,2024-03-17,0,Off-Campus,2263,3,4.0,2024-03-17,-1.326016321112833,1-2
104976,Info Technology,26.0,Off-Campus,31.5,18,3,11,1.73,9.3,2024-02-25,1,Off-Campus,2479,5,2.0,2024-02-25,-0.32512670514784703,1-2
100654,Business Analytics,32.0,with family,26.2,20,1,60,1.21,10.469415807560136,17-Oct-2023,0,With Family,1735,5,2.2,2023-10-17,-4.938714207789147e-16,1-2
107955,Information Science,29.0,Off-Campus,24.6,20,1,28,1.39,10.469415807560136,2023-09-10,1,Off-Campus,1684,3,1.3333333333333333,2023-09-10,-4.938714207789147e-16,1-2
107875,Business Analytics,27.0,With Family,23.1,28,3,35,2.44,9.0,10/14/2023,0,With Family,3619,4,1.75,2023-10-14,-0.40853417314492935,2-3
107877,Business Analytics,24.0,Off-Campus,1.4,5,1,81,2.26,13.4,12/02/2022,0,Off-Campus,4467,3,3.3333333333333335,2022-12-02,0.8147753574789424,2-3
108019,Learning Technologies,30.0,Off-Campus,29.1,0,4,44,2.86,10.5,09/09/2022,1,Off-Campus,4282,5,3.2,2022-09-09,0.008503166840481427,2-3
103969,Cybersecurity,19.0,Off-Campus,5.4,10,0,63,2.7,10.469415807560136,16-Mar-2024,1,Off-Campus,3892,4,3.6666666666666665,2024-03-16,-4.938714207789147e-16,2-3
108427,Cybersecurity,24.0,Off-Campus,10.2,35,0,67,2.97,11.5,10-May-2024,0,Off-Campus,3587,3,3.0,2024-05-10,0.2865280601640886,2-3
108938,Cybersecurity,35.0,With Family,1.6,20,3,40,3.02,9.5,05/20/2024,0,With Family,3821,4,3.25,2024-05-20,-0.2695217264831258,3-4
102628,Business Analytics,28.0,Off-Campus,17.0,20,4,58,1.9,4.9,2024-05-19,1,Off-Campus,2055,3,2.3333333333333335,2024-05-19,-1.5484362357717187,1-2
104363,Learning Technologies,30.0,Off-Campus,11.6,25,2,95,2.09,13.0,09/23/2023,0,Off-Campus,3444,4,3.6666666666666665,2023-09-23,0.7035654001494994,2-3
106379,Information Technology,20.0,On-Campus,20.5,10,3,36,1.99,13.4,02/28/2024,0,On-Campus,3343,3,2.0,2024-02-28,0.8147753574789424,1-2
101425,Information Technology,21.0,on-campus,9.1,10,2,49,2.29,10.469415807560136,11/11/2022,0,On-Campus,3631,3,2.3333333333333335,2022-11-11,-4.938714207789147e-16,2-3
100366,Cybersecurity,24.0,Off-Campus,4.7,20,2,45,1.78,7.0,09/10/2022,0,Off-Campus,2850,5,3.0,2022-09-10,-0.9645839597921437,1-2
109895,Cybersecurity,25.0,Off-campus,4.2,5,1,96,3.02,14.2,10/16/2023,0,Off-Campus,4247,3,3.0,2023-10-16,1.037195272137828,3-4
108262,Information Science,23.0,off campus,10.4,18,2,55,2.72,13.1,10/19/2023,0,Off-Campus,4207,3,3.3333333333333335,2023-10-19,0.73136788948186,2-3
100633,Information Science,20.0,With Family,2.1,30,3,45,2.53,11.8,09/04/2023,0,With Family,3895,3,2.5,2023-09-04,0.369935528161171,2-3
107481,Cybersecurity,31.0,On-Campus,4.8,15,2,34,3.35,15.4,12/07/2023,0,On-Campus,5120,4,3.5,2023-12-07,1.3708251441261567,3-4
100615,Cyber Security,24.0,Off-Campus,17.6,0,4,39,2.21,13.3,05/27/2024,0,Off-Campus,3500,5,2.0,2024-05-27,0.7869728681465817,2-3
106589,Data Science,25.0,On-Campus,25.3,18,2,60,1.97,7.5,10/22/2023,0,On-Campus,3127,4,2.5,2023-10-22,-0.8255715131303402,1-2
100691,Cybersecurity,22.0,With Family,16.5,10,3,58,2.62,15.4,2024-03-07,0,With Family,3679,5,2.2,2024-03-07,1.3708251441261567,2-3
106339,Business Analytics,21.0,Off-Campus,10.1,15,1,66,1.49,5.6,05/20/2024,1,Off-Campus,3143,5,2.8,2024-05-20,-1.353818810445194,1-2
101971,Cybersecurity,24.0,With Family,13.9,10,4,48,2.58,10.0,2022-09-10,0,With Family,3266,3,3.0,2022-09-10,-0.13050927982132218,2-3
106037,Business Analytics,25.0,Off-Campus,4.6,20,2,58,2.36,14.3,2024-02-15,0,Off-Campus,3284,4,1.75,2024-02-15,1.0649977614701889,2-3
107639,Cybersecurity,27.0,with family,5.5,30,1,14,2.75,14.9,10/29/2022,0,With Family,3621,5,3.8,2022-10-29,1.2318126974643533,2-3
100719,Information Technology,26.0,On-Campus,15.5,12,5,84,2.26,10.9,2022-11-07,0,On-Campus,2877,3,1.0,2022-11-07,0.1197131241699244,2-3
107894,Cybersecurity,23.0,On-Campus,6.2,28,3,80,2.4,14.3,10/02/2023,0,On-Campus,3898,5,3.0,2023-10-02,1.0649977614701889,2-3
103170,Cybersecurity,27.0,On-Campus,5.6,40,1,45,2.5,15.1,11/06/2022,0,On-Campus,4648,3,3.0,2022-11-06,1.2874176761290743,2-3
106464,Information Science,24.0,Off-Campus,18.4,10,0,80,2.27,12.0,24-Mar-2024,1,Off-Campus,3570,3,3.0,2024-03-24,0.42554050682589223,2-3
100045,Cybersecurity,21.0,With Family,35.5,10,1,47,0.0,10.469415807560136,11/28/2023,0,With Family,2187,3,3.6666666666666665,2023-11-28,-4.938714207789147e-16,0-1
105942,Cybersecurity,28.0,Off-Campus,3.4,5,0,38,2.4,6.4,03/06/2024,0,Off-Campus,2382,4,2.75,2024-03-06,-1.131398895786308,2-3
102776,Data Science,29.0,On-Campus,6.9,35,3,68,2.0,12.9,2022-09-20,0,On-Campus,3200,4,2.5,2022-09-20,0.6757629108171388,1-2
109409,Cybersecurity,21.0,Off-Campus,2.6,20,2,56,3.01,11.9,11/25/2022,0,Off-Campus,4696,3,1.3333333333333333,2022-11-25,0.3977380174935316,3-4
109517,Cybersecurity,23.0,Off-Campus,25.9,40,1,53,2.01,10.469415807560136,04/11/2024,1,Off-Campus,2000,4,2.75,2024-04-11,-4.938714207789147e-16,2-3
100718,Information Science,23.0,On-Campus,3.9,5,2,16,3.11,13.3,11/17/2022,0,On-Campus,4382,5,3.2,2022-11-17,0.7869728681465817,3-4
103318,Information Science,27.0,Off-Campus,5.6,12,1,67,2.06,10.469415807560136,03/06/2024,0,Off-Campus,2510,5,3.0,2024-03-06,-4.938714207789147e-16,2-3
103810,Info Technology,27.0,With Family,22.7,40,0,76,0.0,5.3,10-May-2024,0,With Family,1639,5,2.75,2024-05-10,-1.437226278442276,0-1
101580,Information Technology,21.0,Off-Campus,26.6,0,0,62,1.2,10.469415807560136,2022-10-16,1,Off-Campus,750,5,2.4,2022-10-16,-4.938714207789147e-16,1-2
105011,Data Science,30.0,On-Campus,10.7,25,2,41,2.76,10.1,2023-11-10,0,On-Campus,4072,4,2.0,2023-11-10,-0.10270679048896154,2-3
108584,Business Analytics,28.0,with family,26.8,25,2,36,1.31,10.469415807560136,09/27/2022,0,With Family,2085,3,3.0,2022-09-27,-4.938714207789147e-16,1-2
103120,Information Science,30.0,Off-Campus,5.8,28,2,30,2.97,13.2,05/21/2024,0,Off-Campus,3496,4,1.25,2024-05-21,0.7591703788142207,2-3
105300,Cyber Security,27.0,On-Campus,2.5,20,2,87,2.57,12.9,02/28/2024,0,On-Campus,3661,5,3.6,2024-02-28,0.6757629108171388,2-3
104566,Business Analytics,24.0,Off-Campus,11.8,10,2,25,1.71,4.0,08-May-2024,0,Off-Campus,1935,5,1.8,2024-05-08,-1.7986586397629654,1-2
104830,Information Science,23.0,Off-Campus,17.0,25,3,51,2.65,13.0,2023-08-25,0,Off-Campus,3664,3,3.0,2023-08-25,0.7035654001494994,2-3
103139,Cybersecurity,22.0,Off-campus,2.7,20,1,46,2.95,6.5,2024-04-09,0,Off-Campus,3209,3,2.6666666666666665,2024-04-09,-1.1035964064539474,2-3
109275,Cybersecurity,26.0,off campus,31.6,15,1,50,2.54,16.0,14-Dec-2022,0,Off-Campus,4247,5,3.2,2022-12-14,1.537640080120321,2-3
109586,Learning Technologies,28.0,Off-Campus,2.5,25,1,96,2.34,6.2,2024-05-15,0,Off-Campus,2747,3,2.3333333333333335,2024-05-15,-1.1870038744510294,2-3
101229,Information Science,25.0,Off-Campus,10.0,15,3,57,2.58,11.1,10/05/2023,1,Off-Campus,4512,3,2.6666666666666665,2023-10-05,0.17531810283464563,2-3
100182,Business Analytics,31.0,With Family,4.1,10,4,119,2.56,12.2,12/13/2022,0,With Family,3837,3,2.0,2022-12-13,0.4811454854906135,2-3
100641,Information Science,22.0,On-Campus,2.6,25,3,73,2.34,10.469415807560136,02/08/2024,0,On-Campus,2763,5,3.2,2024-02-08,-4.938714207789147e-16,2-3
108771,Info Technology,25.0,On-Campus,3.1,12,1,69,1.57,4.7,08-Dec-2022,0,On-Campus,2315,3,1.6666666666666667,2022-12-08,-1.6040412144364402,1-2
101519,Information Science,24.0,Off-Campus,26.6,18,3,82,2.07,10.2,2022-12-04,1,Off-Campus,2883,5,2.2,2022-12-04,-0.07490430115660093,2-3
100724,Information Technology,24.0,Off-Campus,5.0,25,6,120,2.19,13.2,10/14/2022,0,Off-Campus,4268,3,2.3333333333333335,2022-10-14,0.7591703788142207,2-3
103338,Information Technology,27.0,On-Campus,42.3,12,0,48,2.68,8.6,2022-08-25,0,On-Campus,3436,3,3.3333333333333335,2022-08-25,-0.5197441304743723,2-3
103086,Data Science,21.0,with family,8.5,10,1,77,2.55,14.6,10/11/2022,0,With Family,3279,4,2.75,2022-10-11,1.1484052294672709,2-3
105535,Information Science,30.0,with family,3.2,25,3,0,2.86,9.3,2024-02-05,0,With Family,2939,5,3.0,2024-02-05,-0.32512670514784703,2-3
109084,Information Technology,21.0,With Family,16.8,15,3,33,3.3,13.2,10/30/2023,0,With Family,4541,3,4.0,2023-10-30,0.7591703788142207,3-4
109644,Learning Technologies,27.0,with family,11.7,30,2,59,1.16,6.5,11/23/2022,0,With Family,2368,4,3.3333333333333335,2022-11-23,-1.1035964064539474,1-2
107296,Information Science,23.0,Off-Campus,32.7,12,1,14,2.61,10.2,2024-04-24,0,Off-Campus,3776,3,3.0,2024-04-24,-0.07490430115660093,2-3
101679,Cybersecurity,23.0,Off-Campus,6.0,5,2,0,2.88,10.8,12/08/2022,0,Off-Campus,4172,3,3.0,2022-12-08,0.09191063483756379,2-3
107334,Cybersecurity,23.0,On-Campus,6.7,20,0,67,2.45,14.7,10/06/2022,1,On-Campus,4062,4,2.75,2022-10-06,1.1762077187996314,2-3
100132,Data Science,36.0,With Family,5.0,20,3,57,2.26,11.5,08-Sep-2022,1,With Family,3803,4,2.5,2022-09-08,0.2865280601640886,2-3
100707,Learning Technologies,19.0,Off-Campus,2.1,35,3,95,2.73,15.3,09/17/2023,0,Off-Campus,4502,5,3.4,2023-09-17,1.3430226547937962,2-3
104952,Information Technology,20.0,on-campus,4.5,12,2,59,2.2,13.8,05/09/2024,0,On-Campus,3827,3,3.6666666666666665,2024-05-09,0.9259853148083854,2-3
108505,Information  Science,23.0,off campus,15.5,30,2,40,1.28,2.8,10/28/2022,0,Off-Campus,1575,3,1.3333333333333333,2022-10-28,-2.132288511751294,1-2
107077,Data Science,27.0,On-Campus,11.0,12,4,22,3.03,19.5,05/01/2024,0,On-Campus,5631,5,2.4,2024-05-01,2.510727206752946,3-4
102123,Information Science,22.0,On-Campus,10.8,40,4,66,2.46,7.0,2022-10-27,0,On-Campus,3400,5,3.2,2022-10-27,-0.9645839597921437,2-3
107960,Information Science,30.0,Off-campus,4.8,5,4,89,2.54,8.8,07-May-2024,0,Off-Campus,2986,5,3.2,2024-05-07,-0.4641391518096506,2-3
108943,Info Technology,25.0,Off-Campus,15.7,5,1,65,2.68,12.6,02/25/2024,0,Off-Campus,4162,4,3.25,2024-02-25,0.5923554428200565,2-3
100662,Information Technology,30.0,Off-Campus,3.0,10,4,68,2.21,8.5,02/17/2024,0,Off-Campus,2978,4,2.5,2024-02-17,-0.5475466198067329,2-3
108159,Cybersecurity,26.0,On-Campus,6.0,0,3,15,2.03,10.0,11/17/2022,0,On-Campus,3651,3,2.3333333333333335,2022-11-17,-0.13050927982132218,2-3
109566,Business Analytics,27.0,With Family,2.5,0,0,35,3.02,15.3,07-Nov-2022,0,With Family,4826,5,2.6,2022-11-07,1.3430226547937962,3-4
100603,Information Science,26.0,Off-Campus,3.8,20,1,40,2.88,10.0,2022-12-02,0,Off-Campus,3255,4,1.5,2022-12-02,-0.13050927982132218,2-3
106171,Info Technology,22.0,Off-Campus,8.6,10,1,44,2.4,14.0,2024-05-15,0,Off-Campus,3168,5,2.2,2024-05-15,0.9815902934731066,2-3
100301,Info Technology,23.0,Off-Campus,1.1,20,2,108,1.81,6.6,2023-08-21,0,Off-Campus,1830,4,3.5,2023-08-21,-1.0757939171215867,1-2
101688,Data Science,28.0,Off-Campus,3.6,10,3,49,1.94,13.5,10/18/2023,0,Off-Campus,4249,3,2.0,2023-10-18,0.842577846811303,1-2
100106,Cybersecurity,24.0,With Family,33.6,12,2,62,2.11,11.4,09/16/2023,0,With Family,3278,4,4.0,2023-09-16,0.258725570831728,2-3
103650,Data Science,19.0,On-Campus,21.4,20,1,49,1.44,2.1,09/01/2022,0,On-Campus,1237,3,3.0,2022-09-01,-2.326905937077819,1-2
107901,Information Science,27.0,Off-Campus,12.5,35,2,59,2.84,12.4,09/26/2022,0,Off-Campus,4347,4,2.3333333333333335,2022-09-26,0.5367504641553352,2-3
108239,Information Science,22.0,On-Campus,8.5,20,1,60,2.94,10.9,2024-05-27,0,On-Campus,3687,4,2.75,2024-05-27,0.1197131241699244,2-3
109323,Business Analytics,24.0,Off-Campus,2.7,20,1,81,2.53,13.8,2023-11-12,0,Off-Campus,3739,4,3.25,2023-11-12,0.9259853148083854,2-3
100560,Data Science,24.0,On-Campus,6.9,25,0,31,2.72,10.469415807560136,10/07/2022,0,On-Campus,3587,3,2.3333333333333335,2022-10-07,-4.938714207789147e-16,2-3
100573,Information Technology,23.0,Off-Campus,2.0,15,1,89,3.28,15.8,05/01/2024,1,Off-Campus,4924,4,3.0,2024-05-01,1.4820351014555997,3-4
105473,Data Science,18.0,with family,11.3,25,0,27,2.16,9.5,11/02/2022,1,With Family,3226,5,2.0,2022-11-02,-0.2695217264831258,2-3
104470,Cyber Security,27.0,Off-Campus,2.0,12,7,42,3.51,15.8,09-Sep-2023,0,Off-Campus,5023,3,2.3333333333333335,2023-09-09,1.4820351014555997,3-4
107690,Cybersecurity,26.0,On-Campus,6.6,35,1,77,1.92,10.469415807560136,05/23/2024,0,On-Campus,2005,4,2.25,2024-05-23,-4.938714207789147e-16,1-2
109206,Cyber Security,24.0,With Family,1.9,28,2,83,2.74,10.469415807560136,10/05/2022,1,With Family,3068,5,2.8,2022-10-05,-4.938714207789147e-16,2-3
102656,Information Science,24.0,Off-Campus,1.4,18,2,29,3.33,13.4,2022-09-23,1,Off-Campus,3900,4,2.25,2022-09-23,0.8147753574789424,3-4
100028,Information Technology,32.0,On-Campus,9.8,10,0,128,2.9,18.5,2024-05-19,1,On-Campus,4718,5,2.5,2024-05-19,2.232702313429339,2-3
106731,Information Science,19.0,on-campus,44.7,35,0,28,1.01,10.469415807560136,12/09/2022,0,On-Campus,1296,4,3.3333333333333335,2022-12-09,-4.938714207789147e-16,1-2
100927,Data Science,22.0,On-Campus,14.5,15,5,54,3.67,18.3,11/13/2023,0,On-Campus,4816,3,3.3333333333333335,2023-11-13,2.1770973347646176,3-4
108243,Business Analytics,22.0,Off-Campus,25.3,20,4,60,2.46,7.7,10/10/2022,0,Off-Campus,3030,4,1.3333333333333333,2022-10-10,-0.7699665344656187,2-3
104296,Business Analytics,28.0,with family,35.2,25,2,75,1.91,8.7,10/09/2022,0,With Family,2863,5,2.6,2022-10-09,-0.4919416411420117,1-2
107282,Information Science,23.0,Off-Campus,13.1,0,2,74,2.01,3.3,12/12/2023,1,Off-Campus,2704,5,2.75,2023-12-12,-1.9932760650894905,2-3
101747,Information Technology,32.0,On-Campus,18.5,10,2,46,2.8,13.7,08/28/2022,0,On-Campus,3223,3,2.3333333333333335,2022-08-28,0.8981828254760242,2-3
100951,Data Science,26.0,Off-Campus,4.1,20,1,61,1.91,9.8,11/04/2022,1,Off-Campus,3053,5,2.75,2022-11-04,-0.1861142584860434,1-2
102925,Cybersecurity,25.0,With Family,12.3,30,3,17,2.55,10.8,11/03/2022,1,With Family,3404,3,3.3333333333333335,2022-11-03,0.09191063483756379,2-3
108129,Information Technology,25.0,off campus,5.7,28,0,34,2.89,9.6,03/28/2024,0,Off-Campus,3616,3,2.0,2024-03-28,-0.24171923715076515,2-3
103274,Learning Technologies,24.0,On-Campus,79.1,20,0,59,0.57,1.4,2023-12-11,0,On-Campus,1304,4,3.5,2023-12-11,-2.521523362404344,0-1
107204,Information Technology,24.0,Off-Campus,24.6,28,1,70,1.51,10.469415807560136,11/25/2022,0,Off-Campus,1453,5,2.6,2022-11-25,-4.938714207789147e-16,1-2
108863,Cybersecurity,23.0,With Family,13.8,30,4,67,2.47,12.6,2022-09-22,0,With Family,3843,4,1.75,2022-09-22,0.5923554428200565,2-3
101461,Information Technology,26.0,Off-Campus,11.6,5,2,69,2.95,10.2,11/09/2022,0,Off-Campus,3690,3,4.0,2022-11-09,-0.07490430115660093,2-3
103004,Data Science,29.0,With Family,1.5,20,2,83,3.35,15.2,04-Oct-2022,0,With Family,4816,4,2.3333333333333335,2022-10-04,1.315220165461435,3-4
108493,Information Technology,22.0,On-Campus,22.9,18,3,40,2.13,10.469415807560136,09/13/2023,0,On-Campus,2497,3,3.0,2023-09-13,-4.938714207789147e-16,2-3
102589,Learning Technologies,27.0,off campus,7.0,20,0,73,2.21,10.3,2023-09-08,0,Off-Campus,3551,3,1.6666666666666667,2023-09-08,-0.047101811824239816,2-3
104857,Data Science,30.0,Off-Campus,15.5,18,2,71,2.5,11.3,09/15/2023,0,Off-Campus,3931,4,2.0,2023-09-15,0.23092308149936738,2-3
106254,Data Science,23.0,On-Campus,10.4,15,3,56,2.57,10.7,09/29/2022,0,On-Campus,3349,3,2.6666666666666665,2022-09-29,0.06410814550520266,2-3
103829,Data Science,23.0,On-Campus,16.3,18,1,33,1.4,9.4,03/29/2024,0,On-Campus,2471,3,3.0,2024-03-29,-0.2973242158154864,1-2
103664,Cybersecurity,26.0,Off-Campus,14.6,25,1,44,2.7,15.8,03/10/2024,0,Off-Campus,3298,4,2.25,2024-03-10,1.4820351014555997,2-3
109395,Information Technology,25.0, On-Campus,5.3,18,5,45,2.28,12.8,10/29/2022,0,On-Campus,3453,4,2.75,2022-10-29,0.6479604214847782,2-3
102731,Data Science,30.0,Off-Campus,30.0,0,5,40,2.51,8.0,2022-10-22,0,Off-Campus,2738,4,3.0,2022-10-22,-0.6865590664685366,2-3
100664,Information Technology,22.0,on-campus,10.3,12,2,63,1.89,8.8,11/20/2022,1,On-Campus,3510,4,2.6666666666666665,2022-11-20,-0.4641391518096506,1-2
105594,Business Analytics,23.0,With Family,26.6,10,1,89,1.47,10.469415807560136,04/10/2024,1,With Family,1382,4,2.25,2024-04-10,-4.938714207789147e-16,1-2
103574,Cybersecurity,33.0,with family,29.0,28,1,38,2.22,10.469415807560136,03/22/2024,0,With Family,3142,5,3.0,2024-03-22,-4.938714207789147e-16,2-3
109639,Information Technology,22.0,Off-Campus,4.1,10,3,34,2.62,15.0,08/23/2022,0,Off-Campus,4502,4,3.0,2022-08-23,1.2596151867967138,2-3
105806,Cybersecurity,23.0,On-Campus,5.0,30,2,73,2.93,12.3,04/14/2024,0,On-Campus,3489,5,1.6,2024-04-14,0.5089479748229746,2-3
104646,Cybersecurity,27.0,off campus,5.9,35,1,85,2.11,10.7,08-Nov-2022,0,Off-Campus,3274,3,3.6666666666666665,2022-11-08,0.06410814550520266,2-3
105798,Cybersecurity,32.0,Off-Campus,8.0,18,4,15,2.38,11.0,20-Nov-2022,0,Off-Campus,3686,3,1.6666666666666667,2022-11-20,0.14751561350228504,2-3
100007,Cybersecurity,28.0,Off-Campus,16.2,15,0,12,1.45,10.469415807560136,11/13/2023,1,Off-Campus,2068,5,2.4,2023-11-13,-4.938714207789147e-16,1-2
105520,Information Technology,23.0,Off-Campus,8.7,15,0,59,1.91,8.9,11/16/2022,1,Off-Campus,2810,3,3.3333333333333335,2022-11-16,-0.43633666247728997,1-2
101078,Data Science,28.0,Off-Campus,15.5,30,1,37,2.24,2.8,10/16/2022,0,Off-Campus,2140,4,3.5,2022-10-16,-2.132288511751294,2-3
101686,Cybersecurity,20.0,Off-Campus,12.7,35,2,53,2.22,10.5,05/07/2024,0,Off-Campus,3050,4,3.0,2024-05-07,0.008503166840481427,2-3
105952,Cybersecurity,23.0,With Family,4.7,20,1,46,1.53,3.0,05/11/2024,1,With Family,1848,5,3.6666666666666665,2024-05-11,-2.0766835330865727,1-2
104969,Data Science,25.0,Off-Campus,5.2,12,2,31,2.61,12.9,12/09/2023,0,Off-Campus,4207,3,1.3333333333333333,2023-12-09,0.6757629108171388,2-3
106814,Data Science,31.0,Off-Campus,3.8,15,4,101,3.32,13.3,03/24/2024,0,Off-Campus,5206,5,2.8,2024-03-24,0.7869728681465817,3-4
101672,DataScience,25.0, On-Campus,13.8,30,1,12,1.96,10.469415807560136,10/12/2022,0,On-Campus,1952,5,3.0,2022-10-12,-4.938714207789147e-16,1-2
104934,Data Science,29.0,Off-Campus,6.1,5,3,62,2.83,16.7,27-Sep-2022,0,Off-Campus,4669,3,2.3333333333333335,2022-09-27,1.7322575054468459,2-3
109443,Data Science,34.0,With Family,34.3,0,1,26,3.05,9.1,04/19/2024,0,With Family,4253,3,3.0,2024-04-19,-0.3807316838125687,3-4
100385,Data Science,25.0,With Family,12.0,10,3,75,1.16,3.6,10/15/2023,0,With Family,1717,4,4.0,2023-10-15,-1.9098685970924083,1-2
108213,Cybersecurity,31.0,Off-Campus,3.7,28,1,59,1.74,10.469415807560136,11/13/2022,0,Off-Campus,2077,3,3.6666666666666665,2022-11-13,-4.938714207789147e-16,1-2
109188,Information Science,24.0,On-Campus,3.5,5,2,37,2.81,14.6,2022-08-28,1,On-Campus,3687,5,2.8,2022-08-28,1.1484052294672709,2-3
101095,Cybersecurity,33.0,Off-Campus,13.7,15,3,65,2.49,13.2,03/02/2024,0,Off-Campus,3892,4,3.25,2024-03-02,0.7591703788142207,2-3
109899,Data Science,24.0,Off-Campus,3.5,20,4,29,3.32,12.3,11/01/2023,0,Off-Campus,3797,3,3.0,2023-11-01,0.5089479748229746,3-4
105216,Information Technology,23.0,Off-Campus,13.8,10,2,0,2.75,8.8,08/29/2023,0,Off-Campus,2763,3,2.3333333333333335,2023-08-29,-0.4641391518096506,2-3
101390,Business Analytics,26.0,off campus,5.0,25,4,73,2.27,10.469415807560136,07-Dec-2022,1,Off-Campus,2800,5,1.6,2022-12-07,-4.938714207789147e-16,2-3
108303,Information Technology,24.0,On-Campus,13.5,40,1,21,2.6,13.1,02/18/2024,0,On-Campus,4427,4,3.0,2024-02-18,0.73136788948186,2-3
109254,Data Science,24.0,Off-Campus,4.0,0,0,39,2.78,8.5,09/06/2023,0,Off-Campus,3423,3,3.3333333333333335,2023-09-06,-0.5475466198067329,2-3
105705,Cybersecurity,28.0,On-Campus,9.7,28,2,83,1.78,4.7,09/10/2022,0,On-Campus,2737,5,3.2,2022-09-10,-1.6040412144364402,1-2
107058,Cybersecurity,25.0,With Family,10.4,12,2,38,3.08,16.5,2023-08-22,0,With Family,4013,4,3.25,2023-08-22,1.6766525267821246,3-4
100591,Learning Technologies,22.0,with family,17.3,18,3,94,2.54,16.3,2024-05-28,0,With Family,4957,4,2.0,2024-05-28,1.6210475481174034,2-3
106031,Cybersecurity,25.0,with family,14.8,0,2,57,2.06,10.469415807560136,2024-02-14,0,With Family,3560,4,3.0,2024-02-14,-4.938714207789147e-16,2-3
101081,Information Technology,27.0,With Family,5.4,5,2,84,2.72,9.8,11/06/2022,0,With Family,3757,5,2.0,2022-11-06,-0.1861142584860434,2-3
102268,Cybersecurity,22.0,With Family,1.5,15,2,81,2.67,10.6,09/10/2023,0,With Family,3897,5,3.0,2023-09-10,0.036305656172842045,2-3
103279,Learning Technologies,34.0,Off-Campus,2.1,18,1,32,2.81,14.1,2024-03-30,1,Off-Campus,3728,4,3.0,2024-03-30,1.0093927828054672,2-3
105784,Cybersecurity,23.0,Off-Campus,5.2,5,3,45,2.51,12.0,02/29/2024,0,Off-Campus,4003,3,3.0,2024-02-29,0.42554050682589223,2-3
104543,Business Analytics,21.0,Off-Campus,1.7,18,0,47,2.22,6.1,10/18/2022,0,Off-Campus,1983,4,4.0,2022-10-18,-1.2148063637833904,2-3
108520,Learning Technologies,21.0, On-Campus,7.5,10,3,32,2.28,11.5,05/26/2024,0,On-Campus,3965,3,2.5,2024-05-26,0.2865280601640886,2-3
100808,Business Analytics,27.0,With Family,11.2,5,3,45,2.8,14.3,13-Sep-2022,0,With Family,4212,4,2.25,2022-09-13,1.0649977614701889,2-3
109088,Learning Technologies,23.0,On-Campus,11.6,12,3,71,1.9,7.2,03/03/2024,0,On-Campus,3290,3,2.3333333333333335,2024-03-03,-0.9089789811274223,1-2
109548,Learning Technologies,28.0,With Family,5.4,15,2,23,2.48,12.0,04/16/2024,0,With Family,3734,4,1.75,2024-04-16,0.42554050682589223,2-3
100255,Cybersecurity,23.0,Off-Campus,22.3,15,0,51,1.93,10.5,10/30/2022,0,Off-Campus,2298,4,2.75,2022-10-30,0.008503166840481427,1-2
108933,Data Science,24.0,With Family,4.2,40,3,59,0.0,4.0,2024-05-14,0,With Family,1850,5,2.2,2024-05-14,-1.7986586397629654,0-1
105060,Cybersecurity,23.0,With Family,15.0,40,1,75,2.37,7.5,11/21/2022,1,With Family,2408,4,3.25,2022-11-21,-0.8255715131303402,2-3
106573,Data Science,24.0,On-Campus,11.3,20,1,35,1.77,2.0,10/24/2022,0,On-Campus,1379,5,2.25,2022-10-24,-2.3547084264101796,1-2
100015,Information Science,26.0,Off-campus,7.2,25,4,69,2.96,15.7,03/11/2024,0,Off-Campus,4586,5,3.2,2024-03-11,1.4542326121232387,2-3
103917,Business Analytics,26.0,Off-Campus,30.6,5,2,29,1.57,3.3,04/09/2024,0,Off-Campus,1957,4,2.5,2024-04-09,-1.9932760650894905,1-2
106901,Data Science,25.0,On-Campus,3.4,25,0,24,1.99,7.3,04/23/2024,0,On-Campus,2263,5,2.8,2024-04-23,-0.8811764917950616,1-2
102588,Cybersecurity,29.0,With Family,5.0,25,1,67,2.04,10.469415807560136,03/17/2024,0,With Family,1606,4,3.75,2024-03-17,-4.938714207789147e-16,2-3
101911,Cybersecurity,20.0,with family,20.9,5,1,28,0.99,4.2,09/06/2022,0,With Family,1553,5,3.4,2022-09-06,-1.743053661098244,0-1
104823,Business Analytics,24.0,Off-Campus,4.5,20,0,79,2.66,3.7,2024-03-14,0,Off-Campus,2860,5,3.4,2024-03-14,-1.8820661077600473,2-3
105046,Business Analytics,27.0,On-Campus,6.6,18,4,0,2.75,11.3,10/16/2022,0,On-Campus,3980,3,2.6666666666666665,2022-10-16,0.23092308149936738,2-3
108793,Data Science,20.0,On-Campus,5.8,18,5,13,2.73,11.9,03/05/2024,1,On-Campus,3833,3,2.6666666666666665,2024-03-05,0.3977380174935316,2-3
101960,Learning Technologies,33.0,With Family,16.7,10,2,47,1.7,7.8,10/25/2022,0,With Family,2278,5,3.0,2022-10-25,-0.7421640451332581,1-2
106904,Business Analytics,28.0,Off-campus,14.2,10,3,20,1.74,7.0,2024-04-02,0,Off-Campus,3001,4,2.75,2024-04-02,-0.9645839597921437,1-2
109499,Learning Technologies,30.0,Off-Campus,2.3,5,2,86,2.62,14.0,03/22/2024,0,Off-Campus,3641,4,1.0,2024-03-22,0.9815902934731066,2-3
107166,Cybersecurity,24.0,Off-Campus,11.7,15,5,105,3.25,19.8,11/24/2022,1,Off-Campus,4837,5,2.4,2022-11-24,2.5941346747500287,3-4
101338,Information Technology,24.0,Off-Campus,7.5,12,0,72,2.56,11.8,2022-11-08,0,Off-Campus,4288,3,3.6666666666666665,2022-11-08,0.369935528161171,2-3
107016,Business Analytics,21.0,With Family,8.0,25,5,24,2.54,13.8,11/20/2023,0,With Family,3181,3,3.3333333333333335,2023-11-20,0.9259853148083854,2-3
108039,DataScience,23.0,Off-Campus,19.3,40,3,58,1.82,8.7,2024-04-23,0,Off-Campus,2482,3,3.3333333333333335,2024-04-23,-0.4919416411420117,1-2
105607,Business Analytics,25.0,Off-Campus,16.9,20,1,0,1.13,10.469415807560136,09/11/2023,0,Off-Campus,1810,5,2.4,2023-09-11,-4.938714207789147e-16,1-2
102090,Information Technology,27.0,Off-campus,12.4,30,4,80,1.97,7.3,12-May-2024,0,Off-Campus,3237,5,3.5,2024-05-12,-0.8811764917950616,1-2
107496,Cybersecurity,20.0,With Family,4.4,10,2,87,2.3,10.3,10/18/2023,1,With Family,3087,5,2.2,2023-10-18,-0.047101811824239816,2-3
106832,Information Technology,23.0,Off-Campus,12.4,18,5,60,3.27,13.3,05/04/2024,0,Off-Campus,4047,4,2.3333333333333335,2024-05-04,0.7869728681465817,3-4
104549,Cybersecurity,21.0,On-Campus,13.0,18,2,84,2.96,13.7,2023-12-08,0,On-Campus,4645,4,3.0,2023-12-08,0.8981828254760242,2-3
103984,DataScience,24.0,With Family,25.7,5,1,19,2.03,6.3,21-Aug-2023,1,With Family,2984,5,2.8,2023-08-21,-1.1592013851186689,2-3
108184,Cybersecurity,23.0,On-Campus,22.3,10,2,64,2.11,2.7,08/29/2023,0,On-Campus,2294,4,3.0,2023-08-29,-2.1600910010836545,2-3
104408,Cyber Security,24.0,Off-Campus,11.7,5,1,21,1.53,8.1,10/15/2023,0,Off-Campus,2586,4,2.5,2023-10-15,-0.658756577136176,1-2
104924,Cybersecurity,26.0,With Family,4.5,5,4,93,3.22,13.6,2024-05-10,0,With Family,4570,4,2.75,2024-05-10,0.8703803361436636,3-4
101781,Learning Technologies,24.0,With Family,29.0,5,0,33,2.89,12.8,28-Mar-2024,1,With Family,4277,3,3.3333333333333335,2024-03-28,0.6479604214847782,2-3
107974,Business Analytics,28.0,Off-Campus,2.7,12,1,84,2.32,10.6,2024-05-18,0,Off-Campus,3669,4,2.6666666666666665,2024-05-18,0.036305656172842045,2-3
102239,Business Analytics,,On-Campus,16.9,0,2,0,1.54,6.0,11/17/2023,0,On-Campus,2121,3,2.0,2023-11-17,-1.2426088531157509,1-2
106863,Information Science,24.0,Off-Campus,26.2,35,0,58,1.94,7.3,02/26/2024,0,Off-Campus,3019,3,2.6666666666666665,2024-02-26,-0.8811764917950616,1-2
108599,Business Analytics,20.0,With Family,28.7,20,2,62,0.88,4.8,10/04/2022,0,With Family,1111,4,2.5,2022-10-04,-1.5762387251040797,0-1
105450,Cybersecurity,25.0,On-Campus,5.7,18,5,69,2.46,14.5,10/19/2023,0,On-Campus,4227,4,2.75,2023-10-19,1.1206027401349101,2-3
106273,Business Analytics,23.0,With Family,33.4,0,3,36,2.0,17.3,2023-10-20,1,With Family,4232,4,1.25,2023-10-20,1.8990724414410105,1-2
105259,Information Science,28.0,Off-Campus,3.1,0,1,25,1.65,10.469415807560136,11/09/2022,0,Off-Campus,3772,5,2.25,2022-11-09,-4.938714207789147e-16,1-2
100521,Cybersecurity,26.0,With Family,11.1,12,0,54,2.46,12.1,2022-12-08,0,With Family,3022,5,3.6,2022-12-08,0.45334299615825285,2-3
102956,Cybersecurity,27.0,Off-Campus,7.9,15,2,78,2.58,10.4,09/05/2022,0,Off-Campus,3443,4,2.0,2022-09-05,-0.019299322491879194,2-3
107624,Info Technology,24.0,With Family,2.2,10,2,89,2.36,9.1,01-Nov-2022,0,With Family,4210,3,1.6666666666666667,2022-11-01,-0.3807316838125687,2-3
107900,Cybersecurity,24.0,off campus,1.7,28,2,41,1.34,6.1,02/06/2024,0,Off-Campus,2076,3,3.0,2024-02-06,-1.2148063637833904,1-2
105420,Cybersecurity,21.0,Off-Campus,15.3,15,1,36,1.81,10.469415807560136,2023-12-05,0,Off-Campus,2740,3,3.3333333333333335,2023-12-05,-4.938714207789147e-16,1-2
105797,Data Science,27.0,Off-Campus,1.3,10,0,55,3.11,14.0,2024-03-21,0,Off-Campus,4441,4,2.0,2024-03-21,0.9815902934731066,3-4
104641,Cybersecurity,32.0,Off-Campus,10.9,28,2,31,2.31,9.7,04/30/2024,0,Off-Campus,3432,5,3.2,2024-04-30,-0.21391674781840453,2-3
102147,Information Technology,24.0,With Family,10.2,10,0,50,2.7,10.469415807560136,12/10/2022,0,With Family,2907,5,2.8,2022-12-10,-4.938714207789147e-16,2-3
106475,Information Science,24.0,With Family,15.9,12,3,44,1.89,8.0,2022-10-13,0,With Family,2998,5,3.0,2022-10-13,-0.6865590664685366,1-2
105365,Data Science,19.0,Off-Campus,10.1,35,3,64,2.81,11.6,04-Nov-2022,1,Off-Campus,3619,5,2.8,2022-11-04,0.31433054949644923,2-3
102373,Cybersecurity,24.0,With Family,11.5,30,1,67,1.81,7.9,09/20/2022,0,With Family,2761,4,1.75,2022-09-20,-0.7143615558008972,1-2
100493,Information Science,22.0,With Family,21.1,12,5,76,3.2,13.2,2024-05-22,0,With Family,4425,5,3.0,2024-05-22,0.7591703788142207,3-4
109274,Information  Science,25.0,Off-Campus,0.3,18,3,39,2.25,7.1,09/24/2022,0,Off-Campus,2659,3,2.6666666666666665,2022-09-24,-0.9367814704597831,2-3
101441,Cybersecurity,24.0,Off-campus,3.4,0,3,78,3.04,6.9,2023-11-09,0,Off-Campus,3688,3,2.6666666666666665,2023-11-09,-0.9923864491245044,3-4
106794,Business Analytics,25.0,On-Campus,6.0,12,2,54,1.99,8.7,03/28/2024,0,On-Campus,3548,4,2.0,2024-03-28,-0.4919416411420117,1-2
101064,Business Analytics,25.0,Off-Campus,7.9,10,3,66,2.59,11.9,2023-10-20,0,Off-Campus,3676,5,2.4,2023-10-20,0.3977380174935316,2-3
107223,Cybersecurity,23.0,Off-Campus,1.0,0,1,14,3.42,16.3,28-Aug-2022,0,Off-Campus,4534,3,1.5,2022-08-28,1.6210475481174034,3-4
109714,Information Technology,35.0,With Family,2.5,18,3,45,2.84,12.4,03/23/2024,0,With Family,4090,4,2.3333333333333335,2024-03-23,0.5367504641553352,2-3
104980,Information Science,29.0,Off-Campus,1.9,25,2,64,3.15,13.6,11/22/2022,0,Off-Campus,4724,5,2.2,2022-11-22,0.8703803361436636,3-4
106708,Information Technology,27.0,With Family,9.9,0,4,56,3.02,13.6,20-Oct-2023,0,With Family,4463,3,2.0,2023-10-20,0.8703803361436636,3-4
103928,Cybersecurity,24.0,With Family,9.7,12,2,0,2.79,14.8,2024-05-06,0,With Family,4364,4,2.3333333333333335,2024-05-06,1.2040102081319926,2-3
103604,Business Analytics,24.0,On-Campus,5.1,5,3,85,2.5,8.5,11/21/2022,0,On-Campus,3568,4,2.75,2022-11-21,-0.5475466198067329,2-3
100343,Information Technology,23.0,With Family,12.4,10,2,80,3.53,10.469415807560136,08/23/2023,0,With Family,4692,5,3.2,2023-08-23,-4.938714207789147e-16,3-4
101499,Cybersecurity,28.0, On-Campus,3.3,18,3,61,2.77,14.5,2022-09-16,1,On-Campus,4639,4,2.5,2022-09-16,1.1206027401349101,2-3
104864,Information Technology,28.0,Off-Campus,8.4,25,0,64,2.77,9.5,05/04/2024,0,Off-Campus,3665,4,2.75,2024-05-04,-0.2695217264831258,2-3
106412,Cybersecurity,25.0,On-Campus,6.1,20,1,72,2.39,10.1,04-Nov-2022,0,On-Campus,3055,4,3.25,2022-11-04,-0.10270679048896154,2-3
108725,Information Technology,26.0,Off-Campus,8.7,18,3,67,1.68,6.1,05/10/2024,1,Off-Campus,2982,3,2.0,2024-05-10,-1.2148063637833904,1-2
108077,Learning Technologies,22.0,Off-Campus,8.1,40,0,88,1.53,3.2,2023-10-03,0,Off-Campus,1460,3,2.6666666666666665,2023-10-03,-2.0210785544218512,1-2
108817,Information Science,24.0,Off-Campus,6.1,10,5,16,2.73,12.0,2022-10-11,0,Off-Campus,4361,4,3.0,2022-10-11,0.42554050682589223,2-3
104350,Information Technology,26.0,Off-Campus,22.6,35,3,39,2.54,9.4,11/16/2023,0,Off-Campus,3204,5,3.6,2023-11-16,-0.2973242158154864,2-3
106386,Data Science,22.0,With Family,28.2,25,0,33,2.41,5.9,07-Mar-2024,1,With Family,2602,4,3.0,2024-03-07,-1.2704113424481116,2-3
109077,Information Science,30.0,Off-Campus,9.2,40,1,35,1.79,7.6,2024-05-25,1,Off-Campus,2359,3,3.3333333333333335,2024-05-25,-0.7977690237979795,1-2
107556,Data Science,27.0,On-Campus,26.2,20,0,41,1.3,0.5,02/28/2024,1,On-Campus,1612,3,3.3333333333333335,2024-02-28,-2.7717457663955907,1-2
106567,Cyber Security,22.0,Off-Campus,1.3,25,3,28,3.11,12.8,11/20/2022,0,Off-Campus,3719,3,3.6666666666666665,2022-11-20,0.6479604214847782,3-4
109694,Business Analytics,28.0,Off-Campus,4.8,15,0,54,3.19,13.6,08/28/2022,1,Off-Campus,4365,4,3.0,2022-08-28,0.8703803361436636,3-4
101282,Cybersecurity,25.0,Off-Campus,2.0,18,3,44,3.36,15.5,2022-09-05,1,Off-Campus,4271,4,2.0,2022-09-05,1.3986276334585175,3-4
101567,Cybersecurity,21.0,On-Campus,9.5,35,4,58,2.78,14.3,10/29/2023,1,On-Campus,3907,5,2.8,2023-10-29,1.0649977614701889,2-3
103880,DataScience,35.0,Off-Campus,6.6,28,6,59,2.76,10.2,03/10/2024,0,Off-Campus,3481,5,3.2,2024-03-10,-0.07490430115660093,2-3
108141,Cybersecurity,27.0,Off-Campus,15.9,15,4,58,2.56,9.2,12/07/2023,1,Off-Campus,3492,5,3.2,2023-12-07,-0.3529291944802081,2-3
100683,Cybersecurity,23.0,On-Campus,19.1,30,0,67,1.7,9.9,10/23/2022,0,On-Campus,2450,4,2.75,2022-10-23,-0.15831176915368278,1-2
108062,Data Science,24.0,Off-Campus,3.8,0,2,53,2.71,10.5,11/05/2022,0,Off-Campus,4330,3,3.5,2022-11-05,0.008503166840481427,2-3
100725,Data Science,21.0,On-Campus,10.3,10,4,31,3.61,17.5,04/24/2024,0,On-Campus,5203,3,2.0,2024-04-24,1.9546774201057318,3-4
100866,Cybersecurity,25.0,With Family,2.9,15,2,48,2.61,12.2,10/13/2023,0,With Family,3614,5,2.2,2023-10-13,0.4811454854906135,2-3
104249,Cybersecurity,26.0,Off-Campus,18.0,10,1,23,2.41,12.7,08/29/2022,0,Off-Campus,4488,3,2.6666666666666665,2022-08-29,0.6201579321524171,2-3
106087,Information Science,20.0,off campus,20.0,12,2,46,2.18,10.8,2022-10-26,0,Off-Campus,3806,3,2.6666666666666665,2022-10-26,0.09191063483756379,2-3
104559,Data Science,23.0,on-campus,16.2,25,2,27,2.35,8.6,04/24/2024,1,On-Campus,2308,3,3.0,2024-04-24,-0.5197441304743723,2-3
103377,Cybersecurity,24.0,With Family,26.3,15,1,36,2.68,11.2,16-May-2024,0,With Family,3514,4,2.25,2024-05-16,0.20312059216700626,2-3
101399,Information Science,28.0,Off-Campus,3.0,20,0,31,2.33,12.3,2024-05-15,0,Off-Campus,3117,5,2.4,2024-05-15,0.5089479748229746,2-3
100308,Information Science,30.0,Off-Campus,5.2,0,5,46,2.87,12.6,05/01/2024,1,Off-Campus,4055,4,2.5,2024-05-01,0.5923554428200565,2-3
105261,Business Analytics,29.0,off campus,17.4,28,2,56,1.63,10.469415807560136,12/09/2022,0,Off-Campus,1811,5,3.0,2022-12-09,-4.938714207789147e-16,1-2
102247,Cybersecurity,26.0,On-Campus,44.9,0,1,60,2.99,11.9,16-Feb-2024,0,On-Campus,4064,5,2.2,2024-02-16,0.3977380174935316,2-3
101709,Business Analytics,24.0,With Family,6.7,35,2,62,2.14,8.7,05/15/2024,0,With Family,2689,4,2.25,2024-05-15,-0.4919416411420117,2-3
103815,Cybersecurity,26.0,with family,10.4,5,4,110,2.7,13.5,12/02/2022,0,With Family,3609,5,2.75,2022-12-02,0.842577846811303,2-3
103156,Cybersecurity,27.0,Off-Campus,17.7,15,5,13,2.24,7.5,06-Mar-2024,0,Off-Campus,3064,4,1.75,2024-03-06,-0.8255715131303402,2-3
102610,Cybersecurity,25.0,Off-Campus,8.6,25,2,60,1.71,8.8,12/06/2022,0,Off-Campus,2841,4,2.5,2022-12-06,-0.4641391518096506,1-2
102572,DataScience,21.0,Off-Campus,5.0,15,0,89,2.31,9.0,05/26/2024,0,Off-Campus,3346,5,2.25,2024-05-26,-0.40853417314492935,2-3
104124,Data Science,24.0,Off-Campus,6.8,5,3,83,2.04,7.7,05-Dec-2022,0,Off-Campus,3125,3,1.3333333333333333,2022-12-05,-0.7699665344656187,2-3
109441,Information Technology,29.0,On-Campus,12.0,0,1,102,1.55,12.8,2023-10-16,1,On-Campus,3576,5,2.4,2023-10-16,0.6479604214847782,1-2
103733,Data Science,23.0,Off-Campus,20.3,5,2,69,2.05,11.1,11/13/2023,1,Off-Campus,3268,4,3.75,2023-11-13,0.17531810283464563,2-3
100056,Business Analytics,27.0,with family,23.3,0,2,43,1.1,2.7,12/01/2022,1,With Family,1594,5,3.2,2022-12-01,-2.1600910010836545,1-2
107548,Business Analytics,25.0,Off-campus,9.4,15,6,79,2.38,10.0,10/30/2022,0,Off-Campus,3431,5,2.2,2022-10-30,-0.13050927982132218,2-3
107446,Business Analytics,19.0,off campus,18.7,30,1,11,1.72,7.5,10/22/2022,0,Off-Campus,2893,3,3.0,2022-10-22,-0.8255715131303402,1-2
103421,Information Technology,28.0,Off-Campus,2.8,5,2,88,3.06,9.9,2022-09-29,0,Off-Campus,3773,3,3.3333333333333335,2022-09-29,-0.15831176915368278,3-4
108961,Data Science,20.0,Off-Campus,20.4,0,1,29,2.17,7.7,04/28/2024,0,Off-Campus,2653,5,3.2,2024-04-28,-0.7699665344656187,2-3
107400,Information Technology,25.0,On-Campus,6.5,28,0,31,1.57,0.6,11/13/2022,1,On-Campus,1039,3,3.0,2022-11-13,-2.74394327706323,1-2
101903,Information Science,23.0,With Family,5.7,18,7,53,3.08,18.6,12/20/2022,0,With Family,5465,5,3.2,2022-12-20,2.2605048027617003,3-4
104677,Learning Technologies,33.0,On-Campus,21.4,35,0,65,2.31,10.469415807560136,10/29/2022,0,On-Campus,2622,5,2.6,2022-10-29,-4.938714207789147e-16,2-3
108331,Cybersecurity,25.0,On-Campus,4.6,10,0,32,2.14,8.9,12/15/2023,0,On-Campus,2728,5,2.2,2023-12-15,-0.43633666247728997,2-3
104034,Cybersecurity,26.0,On-Campus,6.2,5,0,53,2.69,13.4,28-Aug-2022,0,On-Campus,3353,3,3.0,2022-08-28,0.8147753574789424,2-3
104524,Learning Technologies,25.0,Off-Campus,17.6,12,6,62,2.37,6.9,02/01/2024,1,Off-Campus,2359,5,1.8,2024-02-01,-0.9923864491245044,2-3
109355,Info Technology,32.0,Off-Campus,1.6,20,2,45,2.17,10.469415807560136,11/06/2022,0,Off-Campus,3068,3,2.0,2022-11-06,-4.938714207789147e-16,2-3
105335,Learning Technologies,19.0,With Family,15.8,5,2,60,2.81,13.6,20-Nov-2023,0,With Family,4351,4,2.5,2023-11-20,0.8703803361436636,2-3
100938,Information Science,21.0,With Family,16.8,30,1,15,1.17,10.469415807560136,08/23/2022,0,With Family,1354,4,3.0,2022-08-23,-4.938714207789147e-16,1-2
108293,Information  Science,25.0,On-Campus,5.8,10,2,73,2.93,9.4,20-Sep-2022,0,On-Campus,3526,4,2.5,2022-09-20,-0.2973242158154864,2-3
101323,Information Technology,34.0,With Family,5.4,0,3,36,3.33,18.2,2024-04-12,0,With Family,4733,4,2.75,2024-04-12,2.1492948454322565,3-4
107381,Business Analytics,21.0,On-Campus,28.2,5,0,67,1.41,5.0,20-Sep-2022,1,On-Campus,2776,3,1.3333333333333333,2022-09-20,-1.5206337464393582,1-2
101485,Data Science,25.0,On-Campus,8.9,10,3,36,2.56,10.8,2022-11-29,1,On-Campus,3744,3,2.5,2022-11-29,0.09191063483756379,2-3
108406,Data Science,21.0,Off-Campus,1.7,0,2,49,3.18,11.6,08/23/2022,1,Off-Campus,4934,4,2.3333333333333335,2022-08-23,0.31433054949644923,3-4
100586,Information Technology,23.0,With Family,4.4,35,4,55,2.52,8.8,2024-05-25,1,With Family,2866,5,1.0,2024-05-25,-0.4641391518096506,2-3
105932,Business Analytics,33.0,With Family,19.0,18,0,55,2.05,6.4,09/13/2022,0,With Family,2226,4,2.75,2022-09-13,-1.131398895786308,2-3
100482,Data Science,19.0,On-Campus,2.7,5,0,99,3.45,18.2,09/19/2022,0,On-Campus,5079,5,2.8,2022-09-19,2.1492948454322565,3-4
103415,Data Science,18.0,On-Campus,5.5,0,0,57,3.29,12.0,2024-04-19,0,On-Campus,4280,5,3.8,2024-04-19,0.42554050682589223,3-4
108819,Learning Technologies,31.0,with family,10.2,40,1,45,2.24,7.0,10/11/2022,0,With Family,3196,4,3.25,2022-10-11,-0.9645839597921437,2-3
100168,Learning Technologies,25.0,Off-Campus,9.7,5,4,28,3.24,17.8,2024-02-09,0,Off-Campus,5201,5,2.8,2024-02-09,2.038084888102814,3-4
106625,DataScience,22.0,Off-Campus,19.8,18,2,37,2.14,8.7,08/30/2022,1,Off-Campus,3370,5,2.8,2022-08-30,-0.4919416411420117,2-3
103480,Cyber Security,25.0, On-Campus,10.5,10,2,24,2.86,12.2,12/09/2023,0,On-Campus,3905,3,2.6666666666666665,2023-12-09,0.4811454854906135,2-3
104558,Information Technology,28.0,with family,16.7,10,2,59,1.27,8.8,08/28/2022,0,With Family,2065,5,3.2,2022-08-28,-0.4641391518096506,1-2
109354,Business Analytics,24.0,With Family,4.8,0,4,63,3.5,12.0,03/24/2024,0,With Family,4578,5,3.2,2024-03-24,0.42554050682589223,3-4
107244,Cyber Security,26.0,On-Campus,25.8,10,3,47,2.5,14.9,2024-04-17,0,On-Campus,4385,3,2.3333333333333335,2024-04-17,1.2318126974643533,2-3
103573,Information Technology,23.0,Off-Campus,2.8,30,1,7,2.53,10.7,21-Nov-2023,0,Off-Campus,3325,3,2.5,2023-11-21,0.06410814550520266,2-3
101837,Info Technology,26.0,Off-Campus,24.7,15,1,71,1.83,7.7,10/22/2023,0,Off-Campus,2748,4,3.75,2023-10-22,-0.7699665344656187,1-2
106838,Cybersecurity,23.0, On-Campus,5.0,0,3,39,2.96,16.4,15-Nov-2022,0,On-Campus,3533,5,3.4,2022-11-15,1.6488500374497634,2-3
101594,Info Technology,23.0,Off-Campus,9.4,12,0,14,1.87,12.5,10/22/2022,1,Off-Campus,3375,3,3.0,2022-10-22,0.5645529534876959,1-2
109133,Data Science,29.0,On-Campus,1.3,10,5,61,3.68,18.2,2022-12-17,0,On-Campus,5316,5,2.2,2022-12-17,2.1492948454322565,3-4
107425,Learning Technologies,24.0,Off-Campus,32.1,25,1,25,1.78,6.4,10/19/2022,0,Off-Campus,2460,4,2.6666666666666665,2022-10-19,-1.131398895786308,1-2
109196,Information Technology,28.0,On-Campus,4.2,25,2,78,1.81,9.6,2024-02-29,0,On-Campus,3227,4,1.75,2024-02-29,-0.24171923715076515,1-2
100144,Data Science,22.0,Off-Campus,6.0,20,2,26,1.39,6.5,04-Oct-2022,0,Off-Campus,2254,3,2.0,2022-10-04,-1.1035964064539474,1-2
106740,Cybersecurity,31.0,Off-Campus,28.5,30,2,41,2.4,13.5,14-Nov-2022,0,Off-Campus,3630,3,4.0,2022-11-14,0.842577846811303,2-3
102828,Business Analytics,35.0,With Family,25.9,28,1,62,2.01,10.469415807560136,05/23/2024,0,With Family,1480,4,3.25,2024-05-23,-4.938714207789147e-16,2-3
105407,Business Analytics,21.0,Off-Campus,9.2,20,3,33,1.73,6.9,2023-10-27,0,Off-Campus,3197,3,2.3333333333333335,2023-10-27,-0.9923864491245044,1-2
102369,Data Science,23.0,On-Campus,7.3,10,3,41,2.26,11.9,10/17/2022,0,On-Campus,3194,3,2.6666666666666665,2022-10-17,0.3977380174935316,2-3
105580,Information Technology,25.0,With Family,13.5,25,1,67,2.42,8.1,2024-02-16,0,With Family,2587,4,3.0,2024-02-16,-0.658756577136176,2-3
100790,Information Science,22.0,With Family,19.5,20,3,89,1.4,3.2,2024-02-21,0,With Family,1418,3,3.0,2024-02-21,-2.0210785544218512,1-2
106473,Cybersecurity,25.0,Off-Campus,12.5,5,1,43,3.54,15.1,09/23/2022,0,Off-Campus,5420,4,2.25,2022-09-23,1.2874176761290743,3-4
107448,Information Technology,23.0,With Family,23.8,15,2,25,1.92,5.1,09/11/2022,1,With Family,1912,5,2.6,2022-09-11,-1.4928312571069975,1-2
109514,Cybersecurity,28.0,Off-Campus,3.5,40,1,29,2.36,5.0,2024-02-22,0,Off-Campus,2943,4,2.25,2024-02-22,-1.5206337464393582,2-3
106014,Cybersecurity,25.0,with family,15.4,0,3,20,3.38,16.6,25-Aug-2023,1,With Family,4658,5,2.6,2023-08-25,1.7044550161144858,3-4
100049,Cybersecurity,27.0,With Family,1.9,0,2,65,3.76,18.0,24-Sep-2022,1,With Family,5119,5,2.25,2022-09-24,2.0936898667675354,3-4
101200,Cybersecurity,25.0,Off-Campus,20.3,0,3,0,2.66,11.9,11/02/2023,0,Off-Campus,4138,3,1.0,2023-11-02,0.3977380174935316,2-3
101750,Information Science,27.0,With Family,2.0,20,4,91,2.78,12.7,09/06/2022,0,With Family,3447,5,2.0,2022-09-06,0.6201579321524171,2-3
101428,Cybersecurity,25.0,On-Campus,6.4,20,1,15,2.99,10.9,2022-10-15,0,On-Campus,3435,5,2.4,2022-10-15,0.1197131241699244,2-3
108259,Data Science,26.0,With Family,4.2,0,1,80,2.95,15.6,09/13/2022,0,With Family,4191,4,3.0,2022-09-13,1.426430122790878,2-3
106319,Learning Technologies,20.0,off campus,0.7,35,2,31,2.0,12.7,2024-05-22,0,Off-Campus,3562,4,2.5,2024-05-22,0.6201579321524171,1-2
100057,Cyber Security,27.0,Off-Campus,2.4,28,2,31,2.81,9.2,03/01/2024,0,Off-Campus,3974,4,3.25,2024-03-01,-0.3529291944802081,2-3
103870,DataScience,25.0,On-Campus,8.8,0,4,43,3.39,20.6,10/19/2023,0,On-Campus,5125,5,2.0,2023-10-19,2.8165545894089146,3-4
109151,Data Science,20.0,off campus,16.6,5,4,64,2.79,14.7,02/02/2024,0,Off-Campus,4033,3,3.3333333333333335,2024-02-02,1.1762077187996314,2-3
105452,Cybersecurity,28.0,Off-campus,4.4,35,2,58,1.99,5.4,2022-10-01,0,Off-Campus,2257,4,3.0,2022-10-01,-1.409423789109915,1-2
109305,Data Science,29.0,Off-Campus,15.5,5,1,20,2.49,9.4,2024-03-08,1,Off-Campus,3581,5,2.8,2024-03-08,-0.2973242158154864,2-3
108060,Information Technology,27.0,Off-Campus,36.6,12,1,37,1.36,10.469415807560136,05/08/2024,0,Off-Campus,824,5,3.8,2024-05-08,-4.938714207789147e-16,1-2
107454,Cyber Security,21.0,With Family,46.0,10,0,23,2.83,11.3,12/06/2022,0,With Family,2937,4,1.75,2022-12-06,0.23092308149936738,2-3
103794,Information Technology,32.0,With Family,9.4,25,2,27,1.55,7.2,20-Oct-2023,1,With Family,2327,4,3.0,2023-10-20,-0.9089789811274223,1-2
104927,Data Science,20.0,Off-Campus,6.9,15,2,35,1.93,10.469415807560136,11/19/2022,0,Off-Campus,2130,5,3.2,2022-11-19,-4.938714207789147e-16,1-2
105105,Information Technology,24.0,With Family,6.0,28,2,36,2.23,10.8,09/27/2023,0,With Family,2640,3,3.3333333333333335,2023-09-27,0.09191063483756379,2-3
109012,Business Analytics,25.0,With Family,7.3,28,2,85,2.32,10.469415807560136,04/25/2024,1,With Family,3417,4,2.75,2024-04-25,-4.938714207789147e-16,2-3
103341,Business Analytics,24.0,On-Campus,14.7,15,1,0,1.58,10.469415807560136,30-Jan-2024,1,On-Campus,1501,3,2.3333333333333335,2024-01-30,-4.938714207789147e-16,1-2
103655,Cybersecurity,30.0,With Family,23.9,15,3,44,2.54,10.469415807560136,2024-05-07,0,With Family,2628,4,2.6666666666666665,2024-05-07,-4.938714207789147e-16,2-3
100458,Business Analytics,28.0,On-Campus,3.6,25,0,40,1.14,5.6,2023-09-01,1,On-Campus,2239,4,3.75,2023-09-01,-1.353818810445194,1-2
100367,Info Technology,30.0,Off-Campus,0.9,5,4,116,2.67,9.5,10/14/2023,0,Off-Campus,3798,4,1.75,2023-10-14,-0.2695217264831258,2-3
109872,Information Science,21.0,On-Campus,29.8,15,0,0,0.0,10.469415807560136,01/19/2025,0,On-Campus,2817,3,3.3333333333333335,2025-01-19,-4.938714207789147e-16,0-1
100022,Information Technology,21.0,Off-campus,4.8,15,0,61,2.77,10.5,23-May-2024,0,Off-Campus,3509,5,2.25,2024-05-23,0.008503166840481427,2-3
100307,Information Science,25.0,on-campus,10.7,5,2,62,2.82,12.6,09/15/2022,1,On-Campus,3684,4,3.3333333333333335,2022-09-15,0.5923554428200565,2-3
102872,Information Science,24.0,On-Campus,13.6,20,3,116,2.55,12.2,2024-05-14,0,On-Campus,3202,5,3.4,2024-05-14,0.4811454854906135,2-3
102949,Information Science,30.0,Off-Campus,40.1,15,1,29,1.71,7.6,05/18/2024,0,Off-Campus,2430,4,1.75,2024-05-18,-0.7977690237979795,1-2
107510,Data Science,27.0,On-Campus,16.1,5,5,31,1.63,5.4,09/16/2022,0,On-Campus,2493,5,2.5,2022-09-16,-1.409423789109915,1-2
100986,Cyber Security,26.0,On-Campus,7.6,30,2,60,2.42,9.9,09/22/2022,0,On-Campus,3278,5,3.4,2022-09-22,-0.15831176915368278,2-3
103144,Information Technology,30.0,On-Campus,14.5,10,2,31,1.87,9.5,10/03/2023,1,On-Campus,2518,4,3.25,2023-10-03,-0.2695217264831258,1-2
108686,Cybersecurity,26.0,With Family,14.3,5,0,34,2.36,9.6,05/18/2024,0,With Family,2653,4,3.0,2024-05-18,-0.24171923715076515,2-3
108641,Cybersecurity,21.0,On-Campus,0.7,15,1,68,3.03,19.8,2023-12-15,0,On-Campus,4386,5,3.6666666666666665,2023-12-15,2.5941346747500287,3-4
108074,Data Science,25.0,Off-Campus,0.6,35,2,58,2.09,7.2,10-Dec-2023,0,Off-Campus,2275,3,2.3333333333333335,2023-12-10,-0.9089789811274223,2-3
102833,Information Technology,24.0,With Family,17.2,15,3,57,0.0,7.0,10/28/2023,0,With Family,2546,3,3.0,2023-10-28,-0.9645839597921437,0-1
104508,Cybersecurity,23.0,Off-Campus,12.1,20,2,69,2.78,9.1,10/23/2022,0,Off-Campus,3501,5,1.75,2022-10-23,-0.3807316838125687,2-3
107139,Cybersecurity,25.0,With Family,17.7,0,4,73,2.52,15.3,03/07/2024,1,With Family,3131,4,2.75,2024-03-07,1.3430226547937962,2-3
104096,Cybersecurity,25.0,Off-Campus,15.0,25,1,27,2.31,5.0,09/02/2022,0,Off-Campus,2582,5,2.8,2022-09-02,-1.5206337464393582,2-3
102667,Information Technology,25.0,With Family,15.2,40,2,0,1.94,2.2,2024-04-30,0,With Family,2095,4,3.0,2024-04-30,-2.299103447745458,1-2
105496,DataScience,24.0,Off-Campus,16.0,12,1,66,0.77,4.6,2022-11-20,0,Off-Campus,1117,3,3.0,2022-11-20,-1.6318437037688012,0-1
102451,Cybersecurity,29.0,On-Campus,20.1,20,1,57,1.8,10.469415807560136,12/19/2022,0,On-Campus,1878,5,2.6,2022-12-19,-4.938714207789147e-16,1-2
105297,Data Science,25.0,Off-campus,9.5,30,1,82,1.95,5.8,09/11/2022,0,Off-Campus,2774,4,2.5,2022-09-11,-1.2982138317804723,1-2
102512,Information Technology,25.0,Off-Campus,2.3,35,2,8,2.04,5.8,2024-04-09,1,Off-Campus,2516,3,3.3333333333333335,2024-04-09,-1.2982138317804723,2-3
107312,Learning Technologies,24.0,Off-campus,3.5,30,6,0,3.28,16.1,2023-08-25,0,Off-Campus,4728,3,3.5,2023-08-25,1.5654425694526821,3-4
106308,Data Science,24.0,Off-Campus,5.1,5,4,44,3.46,20.7,19-Nov-2023,0,Off-Campus,5375,3,3.0,2023-11-19,2.8443570787412744,3-4
103785,Data Science,24.0,Off-Campus,3.5,5,3,84,2.77,10.469415807560136,05/05/2024,0,Off-Campus,4146,3,3.3333333333333335,2024-05-05,-4.938714207789147e-16,2-3
108291,Cyber Security,28.0,On-Campus,37.7,20,1,69,1.66,10.469415807560136,12/05/2022,0,On-Campus,2814,4,3.25,2022-12-05,-4.938714207789147e-16,1-2
105747,DataScience,21.0,on-campus,33.8,25,3,67,1.37,10.469415807560136,12/10/2022,1,On-Campus,1939,5,2.0,2022-12-10,-4.938714207789147e-16,1-2
100299,Information Science,22.0,On-Campus,1.9,25,2,43,0.93,0.5,2022-10-28,1,On-Campus,930,5,3.25,2022-10-28,-2.7717457663955907,0-1
105523,Learning Technologies,26.0,off campus,21.5,28,1,16,2.33,10.469415807560136,02/27/2024,0,Off-Campus,1623,5,3.0,2024-02-27,-4.938714207789147e-16,2-3
100243,Information Science,19.0,Off-campus,7.5,18,1,16,2.2,11.1,11/29/2022,0,Off-Campus,3428,5,2.0,2022-11-29,0.17531810283464563,2-3
104775,Data Science,26.0,Off-Campus,2.9,28,0,27,2.52,9.9,2022-12-15,0,Off-Campus,3170,4,1.75,2022-12-15,-0.15831176915368278,2-3
105551,Information Technology,28.0,With Family,13.8,0,3,22,2.98,16.5,2024-02-25,0,With Family,5408,5,1.4,2024-02-25,1.6766525267821246,2-3
109453,Information Science,21.0,On-Campus,31.7,40,3,52,2.27,4.1,2023-09-29,1,On-Campus,2395,5,3.0,2023-09-29,-1.7708561504306046,2-3
101883,Data Science,24.0,Off-Campus,4.3,25,4,41,2.3,9.2,2023-11-05,1,Off-Campus,2456,4,2.6666666666666665,2023-11-05,-0.3529291944802081,2-3
108577,Cybersecurity,26.0,Off-Campus,3.0,5,0,37,2.94,10.6,2022-10-15,0,Off-Campus,3480,5,2.75,2022-10-15,0.036305656172842045,2-3
101028,Business Analytics,21.0,On-Campus,7.4,25,2,47,3.06,12.3,13-Feb-2024,0,On-Campus,4131,4,2.6666666666666665,2024-02-13,0.5089479748229746,3-4
104538,Cybersecurity,20.0,off campus,9.7,15,6,25,2.46,9.7,2022-11-18,0,Off-Campus,2509,3,2.3333333333333335,2022-11-18,-0.21391674781840453,2-3
106391,DataScience,25.0,Off-Campus,3.9,12,4,67,2.3,10.469415807560136,08-Sep-2022,1,Off-Campus,3686,5,2.6,2022-09-08,-4.938714207789147e-16,2-3
106583,Learning Technologies,21.0,With Family,6.7,15,1,48,1.82,6.9,12/03/2022,0,With Family,2547,3,3.0,2022-12-03,-0.9923864491245044,1-2
105969,Information Technology,31.0,Off-Campus,2.1,20,4,14,2.06,10.469415807560136,11/23/2023,1,Off-Campus,3533,3,3.3333333333333335,2023-11-23,-4.938714207789147e-16,2-3
108837,Information Science,26.0,Off-Campus,20.8,15,0,25,2.3,10.1,10/11/2022,0,Off-Campus,2850,4,2.5,2022-10-11,-0.10270679048896154,2-3
101680,Cybersecurity,25.0,On-Campus,3.2,35,4,41,2.48,10.469415807560136,2022-11-07,0,On-Campus,3543,4,1.0,2022-11-07,-4.938714207789147e-16,2-3
107651,Cybersecurity,27.0,Off-Campus,2.6,20,4,52,1.98,7.3,04-Oct-2022,0,Off-Campus,3208,4,3.0,2022-10-04,-0.8811764917950616,1-2
109998,Cybersecurity,29.0,With Family,14.2,18,2,40,1.26,7.0,2024-02-06,1,With Family,2869,3,2.6666666666666665,2024-02-06,-0.9645839597921437,1-2
104512,Data Science,27.0,With Family,6.7,0,1,54,2.76,12.0,02/22/2024,0,With Family,4140,4,2.75,2024-02-22,0.42554050682589223,2-3
105248,Learning Technologies,22.0,On-Campus,5.5,15,2,48,3.15,12.9,09/25/2022,1,On-Campus,3544,5,2.6,2022-09-25,0.6757629108171388,3-4
105518,Data Science,28.0,With Family,13.2,20,1,52,1.91,7.4,12-Sep-2023,0,With Family,2673,4,2.3333333333333335,2023-09-12,-0.8533740024627008,1-2
101916,Learning Technologies,20.0,Off-Campus,12.3,0,4,19,3.36,17.9,11/21/2022,0,Off-Campus,5056,4,0.6666666666666666,2022-11-21,2.0658873774351743,3-4
100120,Cybersecurity,25.0,Off-Campus,2.4,20,0,44,2.3,10.2,03/27/2024,0,Off-Campus,3697,5,3.2,2024-03-27,-0.07490430115660093,2-3
102334,Information Technology,27.0,With Family,7.9,12,2,35,2.5,7.2,05/06/2024,0,With Family,2989,3,1.0,2024-05-06,-0.9089789811274223,2-3
101332,Cybersecurity,23.0,On-Campus,11.2,25,1,34,2.2,7.7,2022-11-23,0,On-Campus,2882,5,3.0,2022-11-23,-0.7699665344656187,2-3
107279,Cyber Security,26.0,With Family,2.4,25,2,82,2.73,16.9,02/10/2024,0,With Family,3918,3,1.6666666666666667,2024-02-10,1.7878624841115671,2-3
104357,Business Analytics,20.0,Off-Campus,3.1,40,1,40,2.96,10.2,10/01/2022,0,Off-Campus,3928,3,3.3333333333333335,2022-10-01,-0.07490430115660093,2-3
108915,Information Technology,21.0,Off-Campus,6.5,30,1,25,2.41,8.4,2024-02-01,1,Off-Campus,3234,3,2.0,2024-02-01,-0.5753491091390935,2-3
108851,Business Analytics,21.0,Off-Campus,8.7,15,3,42,3.24,9.2,04/02/2024,0,Off-Campus,4137,4,3.5,2024-04-02,-0.3529291944802081,3-4
109287,Information Science,24.0,Off-Campus,5.3,15,0,44,2.82,16.1,10/21/2022,0,Off-Campus,3889,5,3.0,2022-10-21,1.5654425694526821,2-3
100702,Cybersecurity,24.0,with family,1.6,20,4,43,2.58,8.3,12/15/2023,0,With Family,3149,4,2.6666666666666665,2023-12-15,-0.6031515984714542,2-3
107202,Information Technology,27.0,Off-Campus,14.1,12,3,48,2.87,12.5,2023-10-17,0,Off-Campus,4701,4,2.5,2023-10-17,0.5645529534876959,2-3
100345,Information Technology,26.0,Off-Campus,21.6,12,0,49,1.41,0.5,2024-04-20,0,Off-Campus,1217,4,3.5,2024-04-20,-2.7717457663955907,1-2
107998,Business Analytics,24.0,With Family,19.9,28,0,36,1.65,10.469415807560136,2022-08-27,1,With Family,989,5,3.4,2022-08-27,-4.938714207789147e-16,1-2
101795,Information Technology,25.0,With Family,3.8,0,3,27,2.59,17.8,12-Oct-2023,0,With Family,4093,5,3.0,2023-10-12,2.038084888102814,2-3
102545,Business Analytics,28.0,On-Campus,4.7,25,3,51,1.4,10.469415807560136,2022-11-10,1,On-Campus,1725,4,2.5,2022-11-10,-4.938714207789147e-16,1-2
101901,Cybersecurity,25.0,With Family,3.8,35,2,24,2.68,9.8,2024-02-01,0,With Family,3819,3,3.0,2024-02-01,-0.1861142584860434,2-3
109801,Learning Technologies,28.0,On-Campus,8.7,10,5,59,2.69,15.3,2022-10-01,0,On-Campus,4609,4,3.5,2022-10-01,1.3430226547937962,2-3
105923,Business Analytics,29.0,Off-Campus,6.4,25,3,32,1.59,10.5,26-Nov-2022,0,Off-Campus,2644,3,2.0,2022-11-26,0.008503166840481427,1-2
105025,Learning Technologies,23.0,On-Campus,11.6,0,2,83,2.65,10.9,09/04/2023,0,On-Campus,3685,3,1.0,2023-09-04,0.1197131241699244,2-3
107471,Cyber Security,23.0,Off-Campus,12.6,0,3,17,1.84,8.7,05/18/2024,0,Off-Campus,2633,3,2.3333333333333335,2024-05-18,-0.4919416411420117,1-2
100750,Learning Technologies,25.0,With Family,20.3,15,2,55,2.73,13.0,09/05/2022,0,With Family,3132,5,2.8,2022-09-05,0.7035654001494994,2-3
104574,Learning Technologies,24.0,On-Campus,14.1,20,2,61,1.64,9.8,10/21/2022,0,On-Campus,2355,4,2.5,2022-10-21,-0.1861142584860434,1-2
109486,Business Analytics,25.0,with family,4.6,30,1,48,1.84,10.469415807560136,09/04/2022,0,With Family,2695,5,2.75,2022-09-04,-4.938714207789147e-16,1-2
103919,Cybersecurity,23.0,Off-Campus,9.9,5,3,71,2.45,10.469415807560136,2024-02-26,0,Off-Campus,2643,4,2.75,2024-02-26,-4.938714207789147e-16,2-3
107638,Learning Technologies,22.0,With Family,14.3,28,2,40,2.31,9.2,10/14/2022,0,With Family,2647,3,1.3333333333333333,2022-10-14,-0.3529291944802081,2-3
100518,Information Technology,21.0,Off-Campus,21.3,18,1,52,1.99,10.469415807560136,2022-08-24,1,Off-Campus,3225,5,2.0,2022-08-24,-4.938714207789147e-16,1-2
101104,Business Analytics,29.0,Off-Campus,5.7,10,2,97,3.2,12.4,12/17/2023,0,Off-Campus,4095,5,2.4,2023-12-17,0.5367504641553352,3-4
106976,Cybersecurity,25.0,On-Campus,4.3,15,1,51,2.51,14.2,10/31/2022,0,On-Campus,3633,4,2.5,2022-10-31,1.037195272137828,2-3
106923,Cybersecurity,31.0,off campus,12.7,15,3,49,3.43,17.1,2023-10-15,0,Off-Campus,4834,5,2.5,2023-10-15,1.8434674627762893,3-4
103320,Learning Technologies,26.0,Off-Campus,8.4,15,3,26,2.56,6.4,2022-10-30,0,Off-Campus,2927,4,3.25,2022-10-30,-1.131398895786308,2-3
109831,Cybersecurity,29.0,Off-Campus,8.0,0,6,65,2.82,15.3,09/01/2023,0,Off-Campus,4390,5,2.5,2023-09-01,1.3430226547937962,2-3
108207,Information Science,21.0,Off-Campus,2.2,35,1,0,1.72,10.469415807560136,11/24/2022,1,Off-Campus,2108,3,1.6666666666666667,2022-11-24,-4.938714207789147e-16,1-2
105268,Cybersecurity,24.0,Off-Campus,3.6,5,5,90,3.38,18.5,27-Oct-2022,0,Off-Campus,4638,4,3.0,2022-10-27,2.232702313429339,3-4
101662,Data Science,24.0,With Family,4.1,12,1,86,2.61,9.2,12/02/2023,0,With Family,2817,5,3.0,2023-12-02,-0.3529291944802081,2-3
105289,Data Science,29.0,With Family,16.3,25,1,48,1.15,3.7,2024-04-06,1,With Family,1636,4,2.75,2024-04-06,-1.8820661077600473,1-2
106776,Information Science,30.0,On-Campus,7.6,15,3,44,3.17,12.6,10/02/2022,1,On-Campus,4345,4,3.5,2022-10-02,0.5923554428200565,3-4
107394,Cyber Security,26.0,On-Campus,4.8,5,0,77,1.51,10.469415807560136,10/28/2022,0,On-Campus,1926,4,2.5,2022-10-28,-4.938714207789147e-16,1-2
106328,Cybersecurity,22.0,Off-Campus,19.8,5,3,57,3.26,13.8,25-Oct-2023,1,Off-Campus,4371,3,3.6666666666666665,2023-10-25,0.9259853148083854,3-4
108971,Cybersecurity,29.0,On-Campus,4.3,30,4,23,3.0,8.2,12/01/2023,0,On-Campus,4015,5,3.0,2023-12-01,-0.6309540878038153,2-3
103247,Information Technology,23.0,With Family,12.1,30,2,78,3.21,13.7,2023-11-14,0,With Family,3950,5,2.0,2023-11-14,0.8981828254760242,3-4
106629,Learning Technologies,29.0,On-Campus,12.5,10,3,35,3.34,18.3,09/28/2022,0,On-Campus,5551,4,3.0,2022-09-28,2.1770973347646176,3-4
106086,Cybersecurity,31.0,Off-campus,9.3,12,1,26,2.3,10.469415807560136,04/07/2024,0,Off-Campus,2766,3,2.6666666666666665,2024-04-07,-4.938714207789147e-16,2-3
104102,Learning Technologies,26.0,On-Campus,10.7,25,2,111,2.52,12.5,09/13/2022,0,On-Campus,3451,3,2.0,2022-09-13,0.5645529534876959,2-3
101630,Cyber Security,26.0,With Family,11.2,25,1,6,1.84,6.7,09/04/2022,0,With Family,1753,3,1.5,2022-09-04,-1.047991427789226,1-2
107790,Cybersecurity,27.0,Off-Campus,4.4,0,3,50,2.61,16.9,12/04/2022,0,Off-Campus,4753,3,2.0,2022-12-04,1.7878624841115671,2-3
101460,Cybersecurity,27.0,Off-Campus,2.1,0,3,56,2.34,11.5,12-Sep-2023,0,Off-Campus,3591,4,3.0,2023-09-12,0.2865280601640886,2-3
105442,Information Technology,20.0,Off-Campus,9.6,15,2,36,2.12,9.0,2024-02-10,0,Off-Campus,3370,4,3.5,2024-02-10,-0.40853417314492935,2-3
105853,Cybersecurity,26.0,with family,4.1,20,2,30,2.64,15.5,2022-11-21,1,With Family,4692,4,2.25,2022-11-21,1.3986276334585175,2-3
104449,Cybersecurity,22.0,On-Campus,0.7,5,7,44,2.03,7.4,05/16/2024,0,On-Campus,2884,3,4.0,2024-05-16,-0.8533740024627008,2-3
107221,Information Science,25.0,Off-Campus,9.5,28,1,83,2.97,17.2,2022-10-22,0,Off-Campus,4453,5,3.0,2022-10-22,1.8712699521086493,2-3
109591,Business Analytics,35.0,With Family,3.8,10,1,41,2.58,14.9,04/02/2024,0,With Family,4188,3,2.6666666666666665,2024-04-02,1.2318126974643533,2-3
105629,Information Science,21.0,Off-Campus,9.6,30,4,8,2.18,10.469415807560136,04/29/2024,0,Off-Campus,3325,5,3.5,2024-04-29,-4.938714207789147e-16,2-3
102434,Information Technology,27.0,On-Campus,10.8,35,1,87,1.42,7.6,10/25/2022,1,On-Campus,2036,5,2.2,2022-10-25,-0.7977690237979795,1-2
105715,Information Technology,19.0,On-Campus,1.1,15,2,54,2.74,14.0,23-Aug-2022,0,On-Campus,4190,3,2.0,2022-08-23,0.9815902934731066,2-3
108047,Business Analytics,23.0,With Family,22.9,25,1,64,1.31,1.4,26-May-2024,0,With Family,1308,3,3.0,2024-05-26,-2.521523362404344,1-2
108692,Learning Technologies,22.0,With Family,32.8,18,2,47,2.7,13.6,10/29/2022,0,With Family,4060,3,3.6666666666666665,2022-10-29,0.8703803361436636,2-3
108769,Learning Technologies,27.0, On-Campus,30.2,5,3,51,3.19,10.1,05/26/2024,1,On-Campus,4427,5,2.0,2024-05-26,-0.10270679048896154,3-4
107052,Cybersecurity,25.0,Off-campus,1.4,0,4,32,1.57,8.8,09/28/2022,1,Off-Campus,3013,5,2.4,2022-09-28,-0.4641391518096506,1-2
102372,Cybersecurity,22.0,with family,27.0,18,1,69,1.47,7.7,04/25/2024,0,With Family,2208,3,3.0,2024-04-25,-0.7699665344656187,1-2
103137,Learning Technologies,24.0,off campus,16.4,10,3,65,2.3,8.9,11/30/2022,0,Off-Campus,3259,5,2.4,2022-11-30,-0.43633666247728997,2-3
104993,Information Science,22.0,off campus,6.9,10,3,20,2.67,12.4,10/15/2023,0,Off-Campus,4688,4,3.5,2023-10-15,0.5367504641553352,2-3
105468,Data Science,20.0,On-Campus,6.4,10,1,64,3.34,12.5,2023-09-03,0,On-Campus,4845,3,3.0,2023-09-03,0.5645529534876959,3-4
107115,Cybersecurity,29.0,On-Campus,8.1,10,2,69,2.07,6.9,03/04/2024,0,On-Campus,2385,3,1.3333333333333333,2024-03-04,-0.9923864491245044,2-3
106600,Data Science,24.0,With Family,10.7,18,4,29,2.87,11.3,08/26/2023,1,With Family,4179,3,2.0,2023-08-26,0.23092308149936738,2-3
109926,Information Science,25.0,With Family,28.0,15,5,57,3.24,9.7,05/11/2024,0,With Family,4005,3,2.3333333333333335,2024-05-11,-0.21391674781840453,3-4
100810,Cybersecurity,23.0,with family,8.8,35,1,72,2.34,12.9,2022-11-06,1,With Family,3374,4,2.75,2022-11-06,0.6757629108171388,2-3
103036,Business Analytics,26.0,Off-Campus,19.2,0,2,42,2.35,6.7,05/17/2024,0,Off-Campus,2938,3,3.0,2024-05-17,-1.047991427789226,2-3
105362,Business Analytics,23.0,On-Campus,18.5,40,2,39,1.34,2.7,09/30/2023,0,On-Campus,1797,3,2.0,2023-09-30,-2.1600910010836545,1-2
109100,Information Science,32.0,Off-Campus,15.6,0,3,53,1.83,10.469415807560136,2024-02-23,1,Off-Campus,2105,3,3.0,2024-02-23,-4.938714207789147e-16,1-2
102821,Data Science,34.0,On-Campus,10.2,15,4,80,3.31,14.1,2023-08-24,0,On-Campus,4545,4,3.0,2023-08-24,1.0093927828054672,3-4
100630,Info Technology,26.0,With Family,43.8,12,1,68,2.26,9.9,2022-09-02,0,With Family,2921,5,2.75,2022-09-02,-0.15831176915368278,2-3
102536,DataScience,21.0,Off-Campus,15.8,20,2,74,1.2,10.469415807560136,2023-11-08,0,Off-Campus,952,5,2.8,2023-11-08,-4.938714207789147e-16,1-2
107607,Learning Technologies,23.0,On-Campus,4.7,30,4,21,2.9,13.5,2023-11-18,0,On-Campus,4266,5,3.25,2023-11-18,0.842577846811303,2-3
106245,Cyber Security,29.0,On-Campus,14.1,5,2,57,2.96,8.7,02-Oct-2022,0,On-Campus,3565,5,2.8,2022-10-02,-0.4919416411420117,2-3
102437,Cybersecurity,20.0,On-Campus,31.9,30,0,50,1.61,7.5,2023-08-30,1,On-Campus,2280,5,3.0,2023-08-30,-0.8255715131303402,1-2
100470,Learning Technologies,25.0,With Family,9.1,40,3,34,2.87,10.9,19-Dec-2022,0,With Family,3680,5,3.0,2022-12-19,0.1197131241699244,2-3
109155,Information Science,20.0,On-Campus,37.8,20,2,0,1.58,10.469415807560136,16-Sep-2023,0,On-Campus,2369,5,2.8,2023-09-16,-4.938714207789147e-16,1-2
102843,Business Analytics,23.0,Off-campus,9.9,35,4,4,2.99,18.8,26-Sep-2022,0,Off-Campus,4571,3,3.3333333333333335,2022-09-26,2.3161097814264213,2-3
104809,Cybersecurity,29.0,On-Campus,5.7,25,4,67,3.28,14.0,09/10/2022,0,On-Campus,4563,4,2.25,2022-09-10,0.9815902934731066,3-4
106659,Learning Technologies,20.0,On-Campus,21.2,25,3,51,2.43,10.469415807560136,12/17/2023,1,On-Campus,2439,5,2.8,2023-12-17,-4.938714207789147e-16,2-3
107886,Data Science,23.0,Off-Campus,16.9,15,2,76,2.96,11.8,09/19/2022,0,Off-Campus,4355,3,2.0,2022-09-19,0.369935528161171,2-3
100780,Data Science,22.0,On-Campus,1.5,25,0,33,1.25,4.8,2023-11-24,1,On-Campus,951,5,2.8,2023-11-24,-1.5762387251040797,1-2
108387,Information Technology,28.0,Off-campus,18.1,10,4,40,2.28,11.1,04/13/2024,0,Off-Campus,3504,5,3.0,2024-04-13,0.17531810283464563,2-3
103430,Business Analytics,33.0,With Family,8.7,30,4,61,1.65,10.469415807560136,2023-11-10,1,With Family,1000,4,2.75,2023-11-10,-4.938714207789147e-16,1-2
109610,Cyber Security,21.0,Off-Campus,17.0,0,1,40,0.96,1.5,04/18/2024,0,Off-Campus,1193,4,3.5,2024-04-18,-2.4937208730719833,0-1
107121,Information Science,33.0,Off-Campus,18.1,20,3,28,2.3,7.7,06-Feb-2024,0,Off-Campus,2540,4,2.0,2024-02-06,-0.7699665344656187,2-3
101322,Information Science,31.0,Off-Campus,7.3,5,2,99,3.13,11.8,10/15/2023,0,Off-Campus,3750,3,2.3333333333333335,2023-10-15,0.369935528161171,3-4
108871,Data Science,26.0,With Family,0.8,40,0,87,1.43,5.4,10/20/2022,1,With Family,1376,4,3.75,2022-10-20,-1.409423789109915,1-2
105731,Data Science,25.0,Off-Campus,8.5,12,6,111,3.45,20.3,2024-02-01,0,Off-Campus,4884,5,2.6,2024-02-01,2.733147121411832,3-4
109765,Data Science,24.0,with family,20.6,18,1,0,2.16,11.5,2022-10-10,0,With Family,3467,5,3.2,2022-10-10,0.2865280601640886,2-3
101728,Information  Science,23.0,On-Campus,29.6,0,1,72,2.04,5.9,23-Aug-2022,0,On-Campus,2856,5,3.0,2022-08-23,-1.2704113424481116,2-3
107251,Information Science,25.0,Off-Campus,7.5,10,2,56,2.61,7.5,2024-02-11,0,Off-Campus,3493,5,2.6,2024-02-11,-0.8255715131303402,2-3
107793,Information Technology,25.0,Off-Campus,15.2,28,1,51,0.97,10.469415807560136,13-Sep-2022,0,Off-Campus,903,3,3.6666666666666665,2022-09-13,-4.938714207789147e-16,0-1
104355,Information Technology,26.0,On-Campus,18.6,12,1,37,0.72,4.0,02/17/2024,0,On-Campus,1457,5,3.4,2024-02-17,-1.7986586397629654,0-1
101713,Data Science,25.0,Off-Campus,17.9,12,2,33,2.21,8.3,09/21/2023,0,Off-Campus,3653,5,2.8,2023-09-21,-0.6031515984714542,2-3
101710,Information Science,27.0,on-campus,15.4,20,0,72,1.82,3.8,11/27/2022,0,On-Campus,1780,4,3.75,2022-11-27,-1.8542636184276868,1-2
102963,Information Science,24.0,off campus,8.1,15,4,45,1.74,8.6,12/04/2022,0,Off-Campus,2940,5,3.4,2022-12-04,-0.5197441304743723,1-2
106645,Information Science,32.0,With Family,4.5,15,6,79,3.58,15.8,12/17/2022,0,With Family,5388,4,3.25,2022-12-17,1.4820351014555997,3-4
104592,Cybersecurity,29.0,On-Campus,41.0,0,2,20,2.48,14.0,2022-11-28,0,On-Campus,4175,4,2.5,2022-11-28,0.9815902934731066,2-3
107558,Cybersecurity,24.0,Off-Campus,13.2,25,4,47,3.0,14.1,2024-02-10,0,Off-Campus,3954,4,2.75,2024-02-10,1.0093927828054672,2-3
107200,Cybersecurity,22.0,Off-Campus,2.9,0,1,117,2.96,15.4,02-Mar-2024,0,Off-Campus,4067,4,3.25,2024-03-02,1.3708251441261567,2-3
108877,Business Analytics,26.0,Off-Campus,35.0,18,3,67,2.47,10.0,11-Sep-2022,0,Off-Campus,3664,5,2.4,2022-09-11,-0.13050927982132218,2-3
105287,Learning Technologies,23.0,on-campus,11.8,28,2,22,2.11,11.3,10/31/2023,1,On-Campus,2802,5,3.4,2023-10-31,0.23092308149936738,2-3
104748,Data Science,24.0,With Family,8.3,5,5,80,2.5,7.1,2022-09-30,0,With Family,3281,3,3.6666666666666665,2022-09-30,-0.9367814704597831,2-3
105413,Learning Technologies,30.0,Off-Campus,14.3,30,3,50,1.25,2.0,03/11/2024,1,Off-Campus,1306,5,2.8,2024-03-11,-2.3547084264101796,1-2
108704,Data Science,20.0,Off-Campus,19.2,12,0,12,2.89,9.5,02/05/2024,1,Off-Campus,2783,5,2.2,2024-02-05,-0.2695217264831258,2-3
108103,Cybersecurity,20.0,On-Campus,39.0,28,1,35,2.27,6.6,2024-03-03,0,On-Campus,2160,3,2.0,2024-03-03,-1.0757939171215867,2-3
102105,Information Technology,25.0,With Family,14.4,10,2,77,3.63,15.1,2023-10-12,0,With Family,4728,4,2.0,2023-10-12,1.2874176761290743,3-4
102023,Information Technology,25.0,Off-Campus,23.1,25,4,24,1.64,6.2,10/28/2022,0,Off-Campus,2855,3,3.0,2022-10-28,-1.1870038744510294,1-2
102477,Cybersecurity,22.0,Off-campus,9.5,12,1,46,3.02,14.1,09/16/2023,0,Off-Campus,4054,5,3.2,2023-09-16,1.0093927828054672,3-4
108135,Data Science,26.0,Off-Campus,3.0,25,2,15,2.47,10.5,2022-08-28,0,Off-Campus,3820,5,3.8,2022-08-28,0.008503166840481427,2-3
106937,Cybersecurity,29.0,with family,10.2,0,5,128,2.91,13.6,2023-12-14,0,With Family,4549,4,3.25,2023-12-14,0.8703803361436636,2-3
108783,Data Science,24.0,On-Campus,4.0,30,1,67,2.45,10.469415807560136,03/30/2024,0,On-Campus,3239,4,1.5,2024-03-30,-4.938714207789147e-16,2-3
103022,Data Science,30.0,Off-Campus,9.1,0,2,46,3.09,11.5,04/19/2024,0,Off-Campus,3731,5,2.8,2024-04-19,0.2865280601640886,3-4
107734,Business Analytics,21.0,With Family,13.6,15,2,44,2.24,11.8,05/17/2024,0,With Family,3117,3,2.6666666666666665,2024-05-17,0.369935528161171,2-3
103251,Business Analytics,26.0,Off-Campus,33.2,40,2,87,2.36,8.5,09/21/2022,0,Off-Campus,2520,3,2.0,2022-09-21,-0.5475466198067329,2-3
106302,Learning Technologies,22.0,On-Campus,15.5,0,7,110,3.16,8.6,04/27/2024,0,On-Campus,3307,4,3.0,2024-04-27,-0.5197441304743723,3-4
107383,Data Science,24.0,off campus,38.1,18,2,68,1.87,8.9,15-Dec-2023,0,Off-Campus,2536,3,3.0,2023-12-15,-0.43633666247728997,1-2
100115,Learning Technologies,23.0, On-Campus,15.2,25,3,58,1.57,10.469415807560136,14-Sep-2022,0,On-Campus,1336,3,3.6666666666666665,2022-09-14,-4.938714207789147e-16,1-2
108147,Cybersecurity,23.0,Off-Campus,3.4,10,3,57,2.97,16.9,08/26/2022,0,Off-Campus,4993,3,3.6666666666666665,2022-08-26,1.7878624841115671,2-3
108546,Information Science,21.0,With Family,1.1,25,0,82,2.54,9.1,05/06/2024,0,With Family,2951,5,2.4,2024-05-06,-0.3807316838125687,2-3
109989,Business Analytics,27.0,With Family,10.7,28,1,84,1.76,10.469415807560136,04/14/2024,1,With Family,3051,3,3.0,2024-04-14,-4.938714207789147e-16,1-2
108856,Cybersecurity,29.0,Off-Campus,18.0,18,2,45,2.07,12.3,2023-11-05,0,Off-Campus,3968,5,2.4,2023-11-05,0.5089479748229746,2-3
108311,Information Science,24.0,With Family,5.4,5,1,85,2.41,7.4,12/11/2022,0,With Family,3106,4,1.75,2022-12-11,-0.8533740024627008,2-3
104364,Information Technology,21.0,Off-Campus,10.2,15,2,40,3.35,16.2,05/09/2024,0,Off-Campus,4840,4,3.25,2024-05-09,1.5932450587850422,3-4
104374,Information Science,29.0,with family,34.1,20,0,55,2.2,10.469415807560136,2022-11-21,0,With Family,3013,5,2.75,2022-11-21,-4.938714207789147e-16,2-3
107108,Cybersecurity,29.0,Off-Campus,21.0,12,1,53,2.62,10.4,09/09/2022,1,Off-Campus,3569,3,3.3333333333333335,2022-09-09,-0.019299322491879194,2-3
103697,Business Analytics,27.0,Off-Campus,13.2,10,1,89,2.43,10.7,2022-12-01,1,Off-Campus,3363,4,2.0,2022-12-01,0.06410814550520266,2-3
108191,Information Technology,22.0,On-Campus,2.8,18,5,19,2.64,14.3,10/02/2022,0,On-Campus,3972,3,1.6666666666666667,2022-10-02,1.0649977614701889,2-3
101874,Information Technology,28.0,On-Campus,5.4,40,0,39,1.8,6.3,2024-04-05,0,On-Campus,2504,4,3.0,2024-04-05,-1.1592013851186689,1-2
107447,Learning Technologies,29.0,On-Campus,31.3,15,5,18,1.56,10.469415807560136,03/06/2024,0,On-Campus,3082,3,1.0,2024-03-06,-4.938714207789147e-16,1-2
104006,Information Technology,31.0,Off-Campus,17.3,20,0,48,1.47,4.2,2023-11-27,0,Off-Campus,1898,5,2.0,2023-11-27,-1.743053661098244,1-2
101246,DataScience,27.0,Off-Campus,14.6,35,2,57,2.49,8.4,12/05/2022,1,Off-Campus,3718,4,1.75,2022-12-05,-0.5753491091390935,2-3
108581,Cybersecurity,20.0,With Family,8.1,5,3,25,2.93,12.1,09/02/2022,0,With Family,4711,4,2.3333333333333335,2022-09-02,0.45334299615825285,2-3
104231,Cybersecurity,21.0,Off-campus,1.3,0,3,82,3.49,15.3,10/12/2023,0,Off-Campus,5517,3,2.6666666666666665,2023-10-12,1.3430226547937962,3-4
101857,Business Analytics,22.0, On-Campus,3.7,20,3,46,2.05,8.6,11/02/2022,0,On-Campus,3021,4,3.3333333333333335,2022-11-02,-0.5197441304743723,2-3
103106,Data Science,22.0,on-campus,9.2,18,3,14,2.48,11.6,10/03/2022,0,On-Campus,3577,3,3.6666666666666665,2022-10-03,0.31433054949644923,2-3
101810,Information Technology,26.0,Off-Campus,1.9,15,2,26,2.42,10.7,08/30/2022,0,Off-Campus,3481,5,2.2,2022-08-30,0.06410814550520266,2-3
107505,Cybersecurity,34.0,With Family,3.2,15,0,109,1.93,9.4,10/29/2022,0,With Family,3250,4,2.25,2022-10-29,-0.2973242158154864,1-2
108530,Information Technology,25.0,Off-Campus,10.9,0,2,30,2.43,12.2,09/17/2022,1,Off-Campus,3850,5,3.0,2022-09-17,0.4811454854906135,2-3
104152,Information Science,25.0,With Family,7.2,15,2,48,2.71,6.7,22-Apr-2024,0,With Family,2584,5,2.6,2024-04-22,-1.047991427789226,2-3
105140,Cybersecurity,23.0,On-Campus,15.8,18,3,72,2.16,11.2,2023-09-28,0,On-Campus,2773,5,2.4,2023-09-28,0.20312059216700626,2-3
101185,Data Science,22.0,On-Campus,10.4,12,3,93,2.53,11.9,05/25/2024,0,On-Campus,3795,5,3.25,2024-05-25,0.3977380174935316,2-3
109157,Information Science,26.0,Off-Campus,2.6,18,2,63,2.09,7.3,04/24/2024,0,Off-Campus,2964,3,3.0,2024-04-24,-0.8811764917950616,2-3
103962,Cybersecurity,25.0,On-Campus,3.3,0,2,40,3.15,14.6,2024-05-10,0,On-Campus,5142,4,4.0,2024-05-10,1.1484052294672709,3-4
103522,Information Technology,30.0,On-Campus,3.4,35,1,103,1.72,8.7,11/23/2023,1,On-Campus,1943,3,3.6666666666666665,2023-11-23,-0.4919416411420117,1-2
102801,Cyber Security,24.0,On-Campus,11.8,20,0,84,1.22,4.6,04/05/2024,0,On-Campus,1968,4,3.0,2024-04-05,-1.6318437037688012,1-2
105247,Information Science,25.0,off campus,31.7,0,0,40,2.21,10.469415807560136,10/28/2023,0,Off-Campus,2055,3,2.3333333333333335,2023-10-28,-4.938714207789147e-16,2-3
104759,Information Technology,30.0,With Family,3.5,40,4,63,2.82,11.6,03/13/2024,0,With Family,3566,4,2.5,2024-03-13,0.31433054949644923,2-3
106695,Business Analytics,23.0,off campus,12.5,20,1,75,2.07,10.469415807560136,23-Nov-2022,1,Off-Campus,3071,5,2.5,2022-11-23,-4.938714207789147e-16,2-3
105683,Learning Technologies,20.0,Off-campus,6.8,30,2,59,2.22,10.6,03-Oct-2022,0,Off-Campus,3434,3,2.3333333333333335,2022-10-03,0.036305656172842045,2-3
101500,Information Technology,26.0,off campus,10.4,0,2,72,2.67,12.0,02-Sep-2023,0,Off-Campus,3628,4,2.0,2023-09-02,0.42554050682589223,2-3
105477,Business Analytics,23.0,Off-Campus,11.2,10,4,60,2.78,10.7,2022-09-06,1,Off-Campus,4201,4,1.5,2022-09-06,0.06410814550520266,2-3
103693,Learning Technologies,23.0,on-campus,16.6,25,1,91,1.04,3.0,2022-12-19,0,On-Campus,972,5,2.5,2022-12-19,-2.0766835330865727,1-2
106544,Information Science,24.0,Off-Campus,22.0,20,1,97,1.74,5.7,09/23/2022,0,Off-Campus,2123,4,3.25,2022-09-23,-1.326016321112833,1-2
101487,Business Analytics,24.0,On-Campus,8.2,28,3,80,0.35,10.469415807560136,2022-10-23,0,On-Campus,1393,4,3.0,2022-10-23,-4.938714207789147e-16,0-1
100950,Cybersecurity,18.0,with family,15.2,25,2,44,2.7,8.6,03/28/2024,0,With Family,3492,4,2.25,2024-03-28,-0.5197441304743723,2-3
109015,Learning Technologies,21.0,Off-Campus,1.0,10,1,72,3.02,14.4,11/27/2023,0,Off-Campus,4128,3,3.5,2023-11-27,1.0928002508025496,3-4
108108,Business Analytics,25.0,With Family,3.8,35,2,49,1.8,6.2,09/26/2023,1,With Family,2043,4,2.75,2023-09-26,-1.1870038744510294,1-2
107801,Cybersecurity,29.0,Off-Campus,30.7,15,1,74,1.4,5.7,12/19/2022,1,Off-Campus,1939,4,3.25,2022-12-19,-1.326016321112833,1-2
101684,Information Technology,26.0,Off-Campus,20.0,15,2,63,2.21,8.7,04/01/2024,1,Off-Campus,3162,5,2.0,2024-04-01,-0.4919416411420117,2-3
101986,Data Science,24.0,On-Campus,6.3,0,2,68,1.61,5.9,12/04/2022,1,On-Campus,1910,5,2.4,2022-12-04,-1.2704113424481116,1-2
100508,Learning Technologies,22.0,off campus,13.0,25,2,59,2.04,11.0,12/18/2022,0,Off-Campus,3240,5,2.5,2022-12-18,0.14751561350228504,2-3
100173,Information Science,26.0,Off-campus,10.8,5,4,76,2.47,11.2,18-Sep-2022,0,Off-Campus,3450,4,3.0,2022-09-18,0.20312059216700626,2-3
108485,Information Technology,25.0,With Family,9.5,10,1,65,3.47,17.7,2022-08-28,0,With Family,5160,4,2.5,2022-08-28,2.0102823987704532,3-4
107010,Cyber Security,28.0,Off-Campus,21.7,10,3,32,2.11,7.1,02/19/2024,0,Off-Campus,2728,4,2.0,2024-02-19,-0.9367814704597831,2-3
101036,Business Analytics,22.0,Off-Campus,1.8,10,5,35,2.81,13.3,2024-04-13,0,Off-Campus,4278,5,2.25,2024-04-13,0.7869728681465817,2-3
104738,Info Technology,24.0,On-Campus,9.1,20,1,29,1.77,10.469415807560136,2024-05-11,1,On-Campus,2397,4,3.6666666666666665,2024-05-11,-4.938714207789147e-16,1-2
101787,Cybersecurity,22.0,on-campus,10.6,5,4,41,1.91,12.0,08/29/2022,1,On-Campus,3433,5,3.2,2022-08-29,0.42554050682589223,1-2
105945,Learning Technologies,22.0,Off-Campus,19.1,20,1,65,0.0,5.5,16-Nov-2023,1,Off-Campus,806,5,3.6,2023-11-16,-1.3816212997775545,0-1
104576,Cybersecurity,21.0,Off-Campus,27.9,20,3,41,2.03,8.6,03/27/2024,0,Off-Campus,2604,3,2.3333333333333335,2024-03-27,-0.5197441304743723,2-3
104397,Learning Technologies,24.0,With Family,5.8,15,0,65,2.38,11.2,10/22/2022,1,With Family,3169,3,3.0,2022-10-22,0.20312059216700626,2-3
100398,Data Science,31.0,off campus,17.8,25,2,46,2.5,7.8,19-Apr-2024,0,Off-Campus,2437,5,1.8,2024-04-19,-0.7421640451332581,2-3
105999,Cybersecurity,20.0,off campus,1.1,10,4,55,2.54,10.1,2022-10-20,0,Off-Campus,4125,3,2.6666666666666665,2022-10-20,-0.10270679048896154,2-3
100491,Information Technology,29.0,On-Campus,7.3,10,5,22,2.08,13.0,2024-03-05,0,On-Campus,3253,5,2.6,2024-03-05,0.7035654001494994,2-3
101346,Cybersecurity,25.0,Off-Campus,14.2,10,0,55,2.69,13.1,2024-04-30,0,Off-Campus,3285,5,2.8,2024-04-30,0.73136788948186,2-3
105702,Information Technology,23.0,On-Campus,21.4,35,1,87,1.85,7.2,12/11/2023,1,On-Campus,2375,5,2.2,2023-12-11,-0.9089789811274223,1-2
102633,Cybersecurity,24.0,On-Campus,4.3,15,5,32,1.97,10.6,2023-11-17,0,On-Campus,3442,5,1.75,2023-11-17,0.036305656172842045,1-2
109403,Information Technology,27.0,Off-Campus,1.3,12,5,57,3.05,11.9,2024-04-08,0,Off-Campus,4670,4,2.5,2024-04-08,0.3977380174935316,3-4
105273,Information Technology,27.0, On-Campus,16.0,10,2,31,2.31,10.469415807560136,2022-11-20,0,On-Campus,3608,4,1.75,2022-11-20,-4.938714207789147e-16,2-3
109687,Business Analytics,20.0,On-Campus,1.6,15,3,43,2.05,7.2,02/24/2024,0,On-Campus,2701,3,2.0,2024-02-24,-0.9089789811274223,2-3
103624,Data Science,21.0,Off-Campus,9.4,15,3,47,2.33,8.8,02/07/2024,0,Off-Campus,3907,3,3.3333333333333335,2024-02-07,-0.4641391518096506,2-3
109383,Learning Technologies,28.0,On-Campus,11.9,28,6,59,2.15,10.469415807560136,04-Nov-2022,0,On-Campus,2941,4,2.5,2022-11-04,-4.938714207789147e-16,2-3
106929,Cybersecurity,24.0,Off-Campus,9.7,12,0,50,3.44,15.6,10/23/2022,0,Off-Campus,4719,4,1.5,2022-10-23,1.426430122790878,3-4
106002,Data Science,28.0,Off-Campus,25.0,10,3,55,2.57,13.8,2023-10-19,1,Off-Campus,3997,4,2.3333333333333335,2023-10-19,0.9259853148083854,2-3
109301,Cybersecurity,25.0,Off-Campus,12.7,25,2,44,2.01,6.0,2024-03-22,0,Off-Campus,2830,3,2.6666666666666665,2024-03-22,-1.2426088531157509,2-3
108144,Information  Science,26.0,On-Campus,13.7,10,2,84,2.74,9.8,2022-12-05,0,On-Campus,2901,3,3.0,2022-12-05,-0.1861142584860434,2-3
100966,Data Science,23.0,Off-Campus,26.9,30,1,60,3.05,9.5,09/30/2022,0,Off-Campus,3321,3,3.0,2022-09-30,-0.2695217264831258,3-4
105541,Information Science,27.0,with family,1.6,20,2,73,1.88,12.9,2024-05-20,0,With Family,3283,5,3.0,2024-05-20,0.6757629108171388,1-2
106359,Cyber Security,22.0,Off-campus,3.8,10,3,36,2.39,9.9,14-Oct-2022,0,Off-Campus,2614,4,2.5,2022-10-14,-0.15831176915368278,2-3
102556,Cyber Security,26.0,Off-campus,8.6,0,4,29,3.21,16.4,11/20/2022,0,Off-Campus,4056,4,2.25,2022-11-20,1.6488500374497634,3-4
109410,Business Analytics,25.0,With Family,7.3,12,4,61,3.54,17.6,08/29/2023,0,With Family,4826,3,2.3333333333333335,2023-08-29,1.982479909438093,3-4
105290,Data Science,25.0,On-Campus,14.3,20,5,43,3.22,15.3,12/05/2022,1,On-Campus,4443,5,2.4,2022-12-05,1.3430226547937962,3-4
103932,DataScience,29.0, On-Campus,12.3,35,2,50,2.01,12.9,2024-05-15,0,On-Campus,3644,3,2.0,2024-05-15,0.6757629108171388,2-3
108020,Learning Technologies,27.0,Off-Campus,27.4,15,1,15,2.09,10.469415807560136,10/04/2022,0,Off-Campus,2961,4,2.75,2022-10-04,-4.938714207789147e-16,2-3
106057,Data Science,24.0,Off-Campus,13.5,18,1,117,2.51,14.1,09/04/2022,0,Off-Campus,4289,5,1.6,2022-09-04,1.0093927828054672,2-3
107262,Information Science,25.0,On-Campus,3.0,18,1,33,2.81,9.1,11/19/2023,0,On-Campus,3631,3,2.3333333333333335,2023-11-19,-0.3807316838125687,2-3
109630,Business Analytics,29.0,On-Campus,3.8,18,2,50,2.98,11.8,09/13/2022,0,On-Campus,3766,5,1.8,2022-09-13,0.369935528161171,2-3
107923,Cybersecurity,23.0,On-Campus,7.1,30,4,48,2.01,10.6,10/01/2022,0,On-Campus,3328,4,2.75,2022-10-01,0.036305656172842045,2-3
109788,Cybersecurity,23.0,On-Campus,2.0,20,1,94,2.19,8.3,2024-05-24,0,On-Campus,2922,5,2.8,2024-05-24,-0.6031515984714542,2-3
109631,Cybersecurity,26.0,On-Campus,7.4,18,3,70,2.07,5.8,02/25/2024,0,On-Campus,2411,3,1.3333333333333333,2024-02-25,-1.2982138317804723,2-3
101946,Cybersecurity,31.0,Off-Campus,17.7,20,1,68,1.62,10.469415807560136,10/17/2022,0,Off-Campus,1979,3,3.6666666666666665,2022-10-17,-4.938714207789147e-16,1-2
105330,Data Science,25.0,Off-Campus,10.2,12,3,92,2.5,14.5,04-Oct-2022,0,Off-Campus,3983,4,2.0,2022-10-04,1.1206027401349101,2-3
105947,Information Science,31.0,With Family,5.4,30,1,12,1.87,10.469415807560136,2023-11-06,0,With Family,2277,3,3.3333333333333335,2023-11-06,-4.938714207789147e-16,1-2
106820,Information Technology,29.0, On-Campus,4.1,25,3,86,1.42,10.469415807560136,2022-10-08,1,On-Campus,1582,3,3.0,2022-10-08,-4.938714207789147e-16,1-2
101539,Information Technology,26.0,With Family,3.3,25,3,54,3.0,16.5,04-Sep-2023,1,With Family,4368,3,2.3333333333333335,2023-09-04,1.6766525267821246,2-3
105279,Data Science,22.0,Off-Campus,11.3,18,6,71,3.79,16.1,08/28/2022,0,Off-Campus,5076,4,1.75,2022-08-28,1.5654425694526821,3-4
103953,Information Technology,21.0,On-Campus,24.7,12,1,63,2.88,11.7,04/14/2024,0,On-Campus,3818,5,2.4,2024-04-14,0.34213303882880985,2-3
107727,Cybersecurity,26.0,On-Campus,3.1,15,2,37,2.35,9.1,11/20/2022,0,On-Campus,3197,5,3.4,2022-11-20,-0.3807316838125687,2-3
101947,Data Science,22.0,Off-Campus,15.9,15,6,41,2.38,10.9,02/29/2024,1,Off-Campus,3962,3,2.6666666666666665,2024-02-29,0.1197131241699244,2-3
101548,Cybersecurity,31.0,With Family,17.6,30,0,78,1.79,9.0,2023-09-13,0,With Family,2692,4,1.6666666666666667,2023-09-13,-0.40853417314492935,1-2
101374,Information Science,27.0, On-Campus,0.1,5,3,40,2.63,12.0,2024-04-22,0,On-Campus,3834,4,2.5,2024-04-22,0.42554050682589223,2-3
108037,Data Science,28.0,With Family,12.5,15,2,52,1.7,8.3,2024-04-03,0,With Family,2599,4,3.0,2024-04-03,-0.6031515984714542,1-2
104032,Information Technology,25.0,Off-Campus,3.0,15,5,71,2.33,8.7,12/03/2022,1,Off-Campus,3058,5,3.25,2022-12-03,-0.4919416411420117,2-3
106164,Information Technology,23.0,Off-Campus,12.4,10,3,30,2.03,10.3,11/24/2022,0,Off-Campus,3416,5,2.5,2022-11-24,-0.047101811824239816,2-3
102916,Cybersecurity,27.0,With Family,3.6,20,2,41,2.28,7.9,03/09/2024,0,With Family,2162,5,2.4,2024-03-09,-0.7143615558008972,2-3
102674,Learning Technologies,21.0,Off-Campus,6.4,5,3,55,1.44,7.2,10/31/2023,1,Off-Campus,2677,4,1.25,2023-10-31,-0.9089789811274223,1-2
105093,Cybersecurity,28.0,With Family,7.7,40,2,26,2.55,9.9,11/22/2022,0,With Family,3769,5,2.4,2022-11-22,-0.15831176915368278,2-3
103375,Learning Technologies,27.0,off campus,4.0,15,1,0,2.55,8.9,04-May-2024,1,Off-Campus,3310,3,2.6666666666666665,2024-05-04,-0.43633666247728997,2-3
108339,Information Science,24.0,With Family,18.8,20,2,57,0.0,10.469415807560136,2022-12-02,1,With Family,1302,5,2.6,2022-12-02,-4.938714207789147e-16,0-1
108899,Information Science,32.0,On-Campus,4.2,18,6,73,3.05,16.0,10/10/2022,0,On-Campus,4646,5,2.4,2022-10-10,1.537640080120321,3-4
107999,Cybersecurity,22.0,With Family,4.3,25,3,108,1.72,14.2,2024-05-08,1,With Family,3109,3,3.0,2024-05-08,1.037195272137828,1-2
104301,Cybersecurity,28.0,On-Campus,9.0,20,1,47,1.69,10.8,2023-08-27,0,On-Campus,2630,3,2.3333333333333335,2023-08-27,0.09191063483756379,1-2
100241,Information Science,22.0,On-Campus,2.8,35,2,67,2.59,10.6,11/30/2022,0,On-Campus,3119,5,2.75,2022-11-30,0.036305656172842045,2-3
107424,Information Technology,22.0,With Family,12.2,18,1,48,2.78,10.5,2024-03-02,0,With Family,2835,5,2.2,2024-03-02,0.008503166840481427,2-3
103159,Information Science,21.0,Off-Campus,12.2,0,3,24,2.48,10.2,2024-04-09,0,Off-Campus,3199,3,2.5,2024-04-09,-0.07490430115660093,2-3
102296,Learning Technologies,24.0,Off-Campus,4.1,15,3,59,3.66,15.7,2022-09-06,0,Off-Campus,5067,3,1.5,2022-09-06,1.4542326121232387,3-4
103698,Cybersecurity,25.0,Off-Campus,9.6,10,1,64,2.78,14.8,02/10/2024,0,Off-Campus,4342,4,3.25,2024-02-10,1.2040102081319926,2-3
104572,Information Science,25.0,With Family,6.6,12,0,87,1.68,5.3,2022-12-03,1,With Family,2317,4,3.5,2022-12-03,-1.437226278442276,1-2
105674,Cybersecurity,26.0,with family,2.4,20,2,0,1.86,8.1,03/02/2024,1,With Family,2908,5,3.2,2024-03-02,-0.658756577136176,1-2
105558,Data Science,36.0,With Family,9.9,30,3,49,2.84,15.0,09/10/2023,0,With Family,4132,3,2.5,2023-09-10,1.2596151867967138,2-3
107322,Information Science,23.0,With Family,1.7,10,3,30,2.96,12.9,05/06/2024,0,With Family,3920,4,3.25,2024-05-06,0.6757629108171388,2-3
108200,Business Analytics,27.0,Off-Campus,11.8,0,1,87,3.49,12.5,09/30/2022,0,Off-Campus,4309,4,2.0,2022-09-30,0.5645529534876959,3-4
102143,Learning Technologies,31.0,On-Campus,14.3,20,3,57,2.32,8.4,2022-10-13,0,On-Campus,2959,3,2.0,2022-10-13,-0.5753491091390935,2-3
101652,Information  Science,27.0,On-Campus,12.2,30,2,73,2.11,5.5,10/10/2023,1,On-Campus,2921,4,3.0,2023-10-10,-1.3816212997775545,2-3
102297,Cybersecurity,30.0,off campus,17.0,12,3,49,2.46,15.5,06-Oct-2022,1,Off-Campus,3767,5,3.6,2022-10-06,1.3986276334585175,2-3
102815,Data Science,26.0,With Family,20.3,20,1,68,1.91,10.469415807560136,04/15/2024,0,With Family,2862,4,3.5,2024-04-15,-4.938714207789147e-16,1-2
102549,Information Technology,31.0,With Family,7.9,20,4,29,2.93,9.0,05/06/2024,1,With Family,3601,3,3.0,2024-05-06,-0.40853417314492935,2-3
103708,Learning Technologies,,off campus,22.8,40,4,37,1.72,10.469415807560136,04/04/2024,0,Off-Campus,2705,5,2.4,2024-04-04,-4.938714207789147e-16,1-2
100397,Information Technology,28.0,Off-Campus,10.2,28,4,90,2.63,10.469415807560136,12-Dec-2022,0,Off-Campus,3532,4,2.5,2022-12-12,-4.938714207789147e-16,2-3
100089,Cybersecurity,25.0,On-Campus,3.9,15,6,65,2.95,10.8,2022-12-08,1,On-Campus,3346,3,2.0,2022-12-08,0.09191063483756379,2-3
109966,Information  Science,26.0,With Family,11.3,5,4,59,3.52,14.0,10/08/2022,0,With Family,5322,4,2.0,2022-10-08,0.9815902934731066,3-4
109057,Data Science,29.0,Off-Campus,5.1,10,1,31,3.51,16.2,2023-10-31,1,Off-Campus,4990,5,3.25,2023-10-31,1.5932450587850422,3-4
103396,Cyber Security,29.0,On-Campus,30.1,30,0,33,1.22,4.7,2024-03-19,0,On-Campus,1575,3,3.6666666666666665,2024-03-19,-1.6040412144364402,1-2
106050,Cyber Security,20.0,Off-Campus,2.0,10,1,58,2.12,8.5,2022-09-20,0,Off-Campus,3116,4,1.5,2022-09-20,-0.5475466198067329,2-3
105029,Information Technology,29.0,Off-Campus,9.1,18,3,60,2.7,11.8,27-Aug-2023,0,Off-Campus,4009,4,3.75,2023-08-27,0.369935528161171,2-3
100026,Data Science,35.0,Off-Campus,12.3,10,3,37,3.11,11.2,11/29/2022,0,Off-Campus,3818,5,3.0,2022-11-29,0.20312059216700626,3-4
102222,Cybersecurity,33.0,On-Campus,11.7,0,9,50,3.46,16.0,2023-11-16,0,On-Campus,5286,5,2.6,2023-11-16,1.537640080120321,3-4
107667,Information Technology,24.0,with family,1.7,25,0,23,1.75,8.9,2024-03-23,0,With Family,2975,5,3.2,2024-03-23,-0.43633666247728997,1-2
105694,Data Science,23.0,Off-Campus,9.3,35,0,71,2.51,10.8,15-Sep-2023,1,Off-Campus,2541,3,3.0,2023-09-15,0.09191063483756379,2-3
107748,Data Science,25.0,With Family,21.7,12,1,74,0.75,10.469415807560136,2022-11-07,0,With Family,1093,5,2.8,2022-11-07,-4.938714207789147e-16,0-1
105598,Information Science,24.0,On-Campus,4.4,5,8,71,2.23,7.9,10/09/2023,0,On-Campus,3212,3,1.3333333333333333,2023-10-09,-0.7143615558008972,2-3
105309,Information Science,26.0,Off-Campus,12.3,35,0,81,2.4,7.2,09/14/2022,0,Off-Campus,2697,3,4.0,2022-09-14,-0.9089789811274223,2-3
103835,Cybersecurity,28.0,Off-Campus,0.7,15,0,77,2.65,12.6,05/08/2024,0,Off-Campus,3374,4,3.0,2024-05-08,0.5923554428200565,2-3
102125,Business Analytics,25.0,Off-campus,3.7,25,3,75,1.69,5.8,02/14/2024,0,Off-Campus,1929,4,3.25,2024-02-14,-1.2982138317804723,1-2
108425,Data Science,21.0,Off-Campus,14.3,28,1,83,3.04,10.469415807560136,2023-09-25,0,Off-Campus,3466,3,3.3333333333333335,2023-09-25,-4.938714207789147e-16,3-4
101876,Data Science,27.0,Off-Campus,19.8,10,1,45,2.17,10.469415807560136,09/16/2022,1,Off-Campus,2909,5,2.2,2022-09-16,-4.938714207789147e-16,2-3
102496,Learning Technologies,26.0,With Family,1.3,10,1,47,2.54,12.3,12/07/2022,0,With Family,4012,4,2.0,2022-12-07,0.5089479748229746,2-3
109149,Cybersecurity,25.0, On-Campus,12.4,10,1,63,2.95,17.6,11/24/2023,0,On-Campus,4601,4,1.75,2023-11-24,1.982479909438093,2-3
109380,Information Science,22.0,Off-Campus,4.3,0,0,24,0.85,10.469415807560136,10-Dec-2023,1,Off-Campus,1683,4,1.75,2023-12-10,-4.938714207789147e-16,0-1
105576,Business Analytics,24.0,With Family,10.4,5,2,84,1.66,10.469415807560136,10/21/2022,0,With Family,2190,5,3.2,2022-10-21,-4.938714207789147e-16,1-2
108836,Business Analytics,22.0,on-campus,17.6,0,3,40,1.63,7.8,09/03/2022,0,On-Campus,2788,4,2.5,2022-09-03,-0.7421640451332581,1-2
101557,Information Science,24.0,Off-Campus,12.1,5,1,56,3.12,13.6,09/22/2023,0,Off-Campus,4784,3,3.5,2023-09-22,0.8703803361436636,3-4
103531,Data Science,30.0,Off-Campus,0.4,10,2,66,2.43,15.5,12-Sep-2022,1,Off-Campus,4137,3,3.5,2022-09-12,1.3986276334585175,2-3
105134,Information Technology,32.0, On-Campus,12.9,28,2,67,1.76,8.2,2022-09-27,0,On-Campus,2272,4,2.5,2022-09-27,-0.6309540878038153,1-2
104695,Cybersecurity,26.0,On-Campus,25.7,40,1,91,1.97,11.5,11-Sep-2022,1,On-Campus,3325,5,2.8,2022-09-11,0.2865280601640886,1-2
108655,Learning Technologies,29.0,Off-Campus,4.2,20,1,33,1.66,11.5,09/23/2023,0,Off-Campus,2851,5,1.5,2023-09-23,0.2865280601640886,1-2
100025,Learning Technologies,29.0,On-Campus,2.7,0,4,0,2.56,10.1,09/10/2022,0,On-Campus,3303,3,3.6666666666666665,2022-09-10,-0.10270679048896154,2-3
100151,Info Technology,23.0,With Family,0.8,35,7,67,2.64,11.3,2022-09-25,0,With Family,3778,3,1.6666666666666667,2022-09-25,0.23092308149936738,2-3
104298,Business Analytics,24.0,On-Campus,65.5,10,0,74,0.89,3.2,11/09/2022,0,On-Campus,1361,3,2.6666666666666665,2022-11-09,-2.0210785544218512,0-1
102069,DataScience,22.0,On-Campus,1.1,5,3,82,2.71,9.8,01-Nov-2023,0,On-Campus,2873,4,3.25,2023-11-01,-0.1861142584860434,2-3
101504,Cybersecurity,35.0,Off-Campus,9.4,12,8,44,3.17,15.0,03/18/2024,0,Off-Campus,4943,5,2.8,2024-03-18,1.2596151867967138,3-4
106947,Information Science,22.0,With Family,5.2,12,1,24,3.0,8.7,12/13/2022,0,With Family,4454,4,1.6666666666666667,2022-12-13,-0.4919416411420117,2-3
101080,Information Science,20.0,With Family,20.0,35,0,64,1.29,4.4,11/21/2022,0,With Family,1274,4,2.75,2022-11-21,-1.6874486824335224,1-2
105811,Cybersecurity,23.0, On-Campus,11.4,18,5,0,3.1,15.0,2022-10-26,0,On-Campus,4663,5,3.0,2022-10-26,1.2596151867967138,3-4
101141,Information Technology,24.0,On-Campus,15.2,28,3,18,2.62,10.469415807560136,2022-10-15,0,On-Campus,3227,5,3.25,2022-10-15,-4.938714207789147e-16,2-3
103646,Information Technology,26.0,With Family,12.4,10,4,2,1.67,4.0,2022-11-07,0,With Family,3137,5,2.25,2022-11-07,-1.7986586397629654,1-2
105872,Cybersecurity,21.0,On-Campus,11.9,5,1,65,2.85,10.8,29-Apr-2024,0,On-Campus,2924,3,2.0,2024-04-29,0.09191063483756379,2-3
109522,Information Science,25.0,On-Campus,7.8,5,4,77,2.26,11.5,09/14/2022,0,On-Campus,3772,3,2.6666666666666665,2022-09-14,0.2865280601640886,2-3
105172,Cybersecurity,27.0,With Family,9.6,30,4,40,2.04,5.9,09/11/2022,1,With Family,2682,3,3.3333333333333335,2022-09-11,-1.2704113424481116,2-3
106312,Information  Science,27.0,On-Campus,2.6,20,1,80,2.26,7.2,11/02/2022,0,On-Campus,2979,5,2.0,2022-11-02,-0.9089789811274223,2-3
101634,Cybersecurity,29.0,On-Campus,13.1,20,0,54,1.77,8.8,10/19/2022,1,On-Campus,3125,4,1.75,2022-10-19,-0.4641391518096506,1-2
103384,Cybersecurity,21.0,on-campus,8.7,5,1,23,2.6,14.2,11/06/2023,0,On-Campus,3097,3,3.3333333333333335,2023-11-06,1.037195272137828,2-3
109400,Information Technology,22.0,Off-Campus,16.8,12,0,67,3.15,14.5,05/23/2024,1,Off-Campus,4182,4,2.75,2024-05-23,1.1206027401349101,3-4
104007,Information Science,33.0,With Family,26.9,15,0,43,1.57,6.1,2022-12-01,0,With Family,2084,3,3.0,2022-12-01,-1.2148063637833904,1-2
101505,Cybersecurity,31.0,Off-Campus,15.8,20,3,59,2.03,10.469415807560136,30-Nov-2022,0,Off-Campus,1660,5,3.8,2022-11-30,-4.938714207789147e-16,2-3
101019,Data Science,31.0,On-Campus,5.6,20,1,94,2.06,14.2,2023-09-22,1,On-Campus,3205,5,2.8,2023-09-22,1.037195272137828,2-3
101511,Cybersecurity,35.0,With Family,15.0,15,3,37,2.74,10.9,05/21/2024,0,With Family,3148,4,3.5,2024-05-21,0.1197131241699244,2-3
104358,Learning Technologies,31.0,With Family,11.9,10,4,55,2.62,7.7,13-Sep-2022,1,With Family,3674,5,2.2,2022-09-13,-0.7699665344656187,2-3
106912,Data Science,25.0,On-Campus,18.7,15,3,88,3.22,12.4,09/02/2023,0,On-Campus,3686,3,2.6666666666666665,2023-09-02,0.5367504641553352,3-4
100970,Business Analytics,20.0,On-Campus,36.8,20,3,40,1.85,10.0,2023-10-14,0,On-Campus,3103,5,1.25,2023-10-14,-0.13050927982132218,1-2
109205,Learning Technologies,26.0,Off-Campus,10.8,0,7,115,3.35,14.3,09/12/2022,0,Off-Campus,4561,4,2.5,2022-09-12,1.0649977614701889,3-4
101222,Data Science,22.0,off campus,16.9,15,4,81,2.7,11.1,23-Oct-2022,0,Off-Campus,3424,4,2.0,2022-10-23,0.17531810283464563,2-3
106265,Information Science,30.0,Off-Campus,2.6,15,2,74,2.59,10.4,12/18/2022,0,Off-Campus,3848,4,2.25,2022-12-18,-0.019299322491879194,2-3
107983,Cybersecurity,27.0,on-campus,1.4,30,2,77,2.96,13.1,2022-11-28,0,On-Campus,4282,5,3.0,2022-11-28,0.73136788948186,2-3
109391,Cybersecurity,24.0,Off-Campus,9.5,28,0,23,2.09,8.6,09/29/2023,1,Off-Campus,3140,3,2.6666666666666665,2023-09-29,-0.5197441304743723,2-3
102106,Cybersecurity,25.0,Off-Campus,2.0,10,7,33,3.25,10.469415807560136,12/15/2023,0,Off-Campus,5119,5,2.6,2023-12-15,-4.938714207789147e-16,3-4
103618,Cybersecurity,27.0,Off-Campus,11.2,18,1,87,3.25,18.7,11/18/2022,0,Off-Campus,5143,5,2.5,2022-11-18,2.28830729209406,3-4
106851,Cybersecurity,29.0,On-Campus,38.1,30,4,1,1.17,7.5,25-Nov-2022,0,On-Campus,1591,4,2.0,2022-11-25,-0.8255715131303402,1-2
103803,Information Technology,26.0,Off-Campus,12.8,25,1,50,2.04,6.9,10/26/2023,0,Off-Campus,2275,5,2.6,2023-10-26,-0.9923864491245044,2-3
103813,Information Science,21.0,With Family,13.8,20,1,39,3.09,12.8,26-May-2024,0,With Family,3515,4,3.0,2024-05-26,0.6479604214847782,3-4
105231,Business Analytics,22.0,Off-Campus,5.6,18,1,69,2.83,9.6,10/27/2023,0,Off-Campus,3650,3,2.6666666666666665,2023-10-27,-0.24171923715076515,2-3
104043,Data Science,25.0,With Family,4.4,30,1,40,1.17,6.6,10/16/2022,0,With Family,1971,5,3.5,2022-10-16,-1.0757939171215867,1-2
100955,Information Science,26.0,with family,4.1,20,3,58,2.84,17.3,04/02/2024,0,With Family,4405,3,4.0,2024-04-02,1.8990724414410105,2-3
108341,Information Technology,31.0,Off-Campus,1.7,12,3,66,2.24,10.469415807560136,2024-04-22,0,Off-Campus,2854,4,3.25,2024-04-22,-4.938714207789147e-16,2-3
107671,Business Analytics,23.0,On-Campus,4.5,20,3,59,2.62,12.6,12/12/2022,0,On-Campus,3615,3,2.6666666666666665,2022-12-12,0.5923554428200565,2-3
101409,Cybersecurity,28.0,Off-Campus,19.1,35,1,15,2.4,12.8,2022-09-13,0,Off-Campus,2990,3,4.0,2022-09-13,0.6479604214847782,2-3
105548,Cybersecurity,26.0,Off-Campus,28.1,12,1,71,2.22,12.4,2023-10-08,0,Off-Campus,3403,5,2.8,2023-10-08,0.5367504641553352,2-3
107049,Data Science,32.0,Off-Campus,15.6,15,2,0,1.71,10.7,30-Oct-2022,1,Off-Campus,3594,3,3.3333333333333335,2022-10-30,0.06410814550520266,1-2
109767,Data Science,26.0,on-campus,39.9,0,2,28,2.96,14.5,11/22/2023,0,On-Campus,3681,3,3.0,2023-11-22,1.1206027401349101,2-3
107583,Cybersecurity,22.0,with family,38.2,15,4,52,1.98,10.8,11/07/2022,1,With Family,3280,4,2.0,2022-11-07,0.09191063483756379,1-2
102307,Information Technology,24.0,On-Campus,11.3,18,2,33,2.25,10.2,2024-02-28,0,On-Campus,2893,4,3.6666666666666665,2024-02-28,-0.07490430115660093,2-3
101529,Cybersecurity,23.0,On-Campus,10.2,15,4,44,3.06,15.5,05/27/2024,0,On-Campus,4402,4,2.0,2024-05-27,1.3986276334585175,3-4
109878,Cyber Security,24.0,On-Campus,6.9,0,3,33,3.34,13.6,10/18/2022,0,On-Campus,4403,3,1.6666666666666667,2022-10-18,0.8703803361436636,3-4
108110,Learning Technologies,25.0,Off-Campus,15.6,15,3,61,2.4,9.8,02/27/2024,0,Off-Campus,3266,3,2.6666666666666665,2024-02-27,-0.1861142584860434,2-3
109346,Cybersecurity,23.0,Off-Campus,14.9,10,5,78,2.16,15.0,09/01/2022,0,Off-Campus,4443,3,2.0,2022-09-01,1.2596151867967138,2-3
101128,Cybersecurity,26.0,With Family,8.7,5,1,118,2.3,10.5,12/09/2022,0,With Family,3823,3,2.3333333333333335,2022-12-09,0.008503166840481427,2-3
105717,Data Science,29.0,With Family,6.3,20,1,27,2.66,8.1,12/01/2023,0,With Family,3471,5,2.8,2023-12-01,-0.658756577136176,2-3
106784,Information Technology,30.0,Off-Campus,10.1,5,3,57,2.78,14.2,2022-10-02,0,Off-Campus,4254,4,2.0,2022-10-02,1.037195272137828,2-3
103980,Learning Technologies,25.0,On-Campus,40.5,15,3,38,1.38,9.3,08/28/2022,0,On-Campus,2830,4,2.5,2022-08-28,-0.32512670514784703,1-2
103896,Learning Technologies,27.0,off campus,47.6,28,3,22,1.7,5.1,09/14/2022,0,Off-Campus,1808,5,2.2,2022-09-14,-1.4928312571069975,1-2
100404,Business Analytics,23.0,On-Campus,12.1,30,3,35,2.34,11.4,2024-05-01,0,On-Campus,3099,4,2.75,2024-05-01,0.258725570831728,2-3
101372,Learning Technologies,22.0,With Family,15.1,30,1,68,2.23,10.469415807560136,10/25/2022,0,With Family,2123,5,2.6,2022-10-25,-4.938714207789147e-16,2-3
102073,Business Analytics,29.0,With Family,7.7,20,0,40,2.5,8.2,29-Mar-2024,1,With Family,3078,5,2.4,2024-03-29,-0.6309540878038153,2-3
101507,Information Technology,26.0,On-Campus,4.7,18,5,30,2.26,10.2,11/06/2022,0,On-Campus,3745,3,3.0,2022-11-06,-0.07490430115660093,2-3
109820,Information Science,29.0,on-campus,6.4,5,6,51,3.18,11.1,08/29/2023,0,On-Campus,4362,4,3.25,2023-08-29,0.17531810283464563,3-4
102224,Cybersecurity,26.0,Off-Campus,7.9,28,2,48,2.34,12.4,2022-11-10,0,Off-Campus,3879,3,1.3333333333333333,2022-11-10,0.5367504641553352,2-3
108095,Information Technology,22.0,On-Campus,6.7,20,3,99,3.64,18.2,2022-10-21,0,On-Campus,4833,3,3.0,2022-10-21,2.1492948454322565,3-4
102156,Information Science,26.0,Off-Campus,18.1,5,0,56,1.1,2.9,08/29/2022,0,Off-Campus,1427,3,1.6666666666666667,2022-08-29,-2.104486022418933,1-2
108997,Information Science,25.0,With Family,3.2,10,1,24,2.79,9.5,12/07/2022,0,With Family,4256,3,3.3333333333333335,2022-12-07,-0.2695217264831258,2-3
107217,Learning Technologies,23.0,On-Campus,7.8,30,2,29,1.5,1.6,10/20/2022,0,On-Campus,1379,3,3.0,2022-10-20,-2.4659183837396226,1-2
103450,Cybersecurity,28.0,Off-Campus,12.0,20,1,28,1.61,10.469415807560136,20-Feb-2024,0,Off-Campus,3051,3,2.6666666666666665,2024-02-20,-4.938714207789147e-16,1-2
108442,Cybersecurity,23.0,Off-Campus,21.0,40,0,24,0.91,10.469415807560136,2023-10-31,0,Off-Campus,1203,4,3.5,2023-10-31,-4.938714207789147e-16,0-1
103089,Cybersecurity,24.0,With Family,6.5,18,1,51,2.78,9.8,2024-02-15,0,With Family,3652,5,3.2,2024-02-15,-0.1861142584860434,2-3
106882,Cybersecurity,32.0,With Family,13.5,30,3,39,2.5,11.3,11/18/2022,0,With Family,3894,4,3.0,2022-11-18,0.23092308149936738,2-3
106941,Cybersecurity,29.0,with family,19.4,40,1,44,2.71,12.9,08/25/2022,1,With Family,3343,4,3.0,2022-08-25,0.6757629108171388,2-3
104175,Cyber Security,26.0,On-Campus,4.7,20,1,37,2.93,12.1,09/18/2022,1,On-Campus,3905,4,3.75,2022-09-18,0.45334299615825285,2-3
108279,Data Science,27.0,off campus,7.4,10,1,35,3.86,15.5,2022-10-22,0,Off-Campus,5208,5,2.6,2022-10-22,1.3986276334585175,3-4
105590,Cybersecurity,27.0,on-campus,19.3,20,5,72,2.31,7.9,10/20/2023,1,On-Campus,2787,4,3.5,2023-10-20,-0.7143615558008972,2-3
103236,Cybersecurity,23.0,Off-Campus,7.2,20,1,45,1.71,3.4,2024-05-02,0,Off-Campus,2578,4,3.75,2024-05-02,-1.9654735757571296,1-2
105067,Information Technology,30.0,off campus,0.3,5,2,57,2.87,15.9,10/19/2022,0,Off-Campus,4458,4,2.75,2022-10-19,1.5098375907879604,2-3
108138,Cybersecurity,26.0,Off-Campus,6.0,12,3,86,2.32,5.6,12/07/2023,1,Off-Campus,4209,4,2.5,2023-12-07,-1.353818810445194,2-3
100474,Cybersecurity,24.0,On-Campus,4.8,10,3,42,3.49,13.1,2022-11-03,0,On-Campus,4711,5,3.0,2022-11-03,0.73136788948186,3-4
101474,Cybersecurity,23.0,Off-Campus,3.4,15,0,23,2.48,8.9,02-Sep-2022,0,Off-Campus,3674,5,2.5,2022-09-02,-0.43633666247728997,2-3
107197,Learning Technologies,23.0,Off-Campus,3.1,12,4,73,3.12,11.9,09/30/2023,0,Off-Campus,4351,5,2.8,2023-09-30,0.3977380174935316,3-4
107715,Cybersecurity,32.0,off campus,19.6,20,2,4,2.28,8.3,09-Sep-2022,0,Off-Campus,3292,5,3.2,2022-09-09,-0.6031515984714542,2-3
107519,Data Science,23.0,off campus,13.8,20,2,94,3.03,10.469415807560136,02/12/2024,0,Off-Campus,3926,3,3.0,2024-02-12,-4.938714207789147e-16,3-4
109879,Learning Technologies,26.0,On-Campus,6.8,18,1,78,2.71,11.7,12/16/2022,0,On-Campus,3665,3,3.3333333333333335,2022-12-16,0.34213303882880985,2-3
102990,Information Science,23.0,With Family,21.0,28,2,41,2.08,7.0,10/12/2023,1,With Family,2611,3,2.0,2023-10-12,-0.9645839597921437,2-3
107341,Cybersecurity,28.0,Off-Campus,21.7,18,1,63,2.43,10.7,11/12/2023,1,Off-Campus,3155,5,3.4,2023-11-12,0.06410814550520266,2-3
108180,Information Science,28.0,On-Campus,18.5,15,2,86,2.11,12.5,03/23/2024,0,On-Campus,3654,3,3.3333333333333335,2024-03-23,0.5645529534876959,2-3
109348,Information Technology,27.0,On-Campus,9.3,35,3,1,2.1,10.469415807560136,10/01/2022,0,On-Campus,4010,5,2.25,2022-10-01,-4.938714207789147e-16,2-3
107321,Cybersecurity,24.0,Off-Campus,8.1,0,5,47,2.88,10.7,12/02/2023,0,Off-Campus,4496,3,2.5,2023-12-02,0.06410814550520266,2-3
108051,Cybersecurity,27.0,Off-campus,4.0,15,0,48,2.79,9.2,21-Mar-2024,0,Off-Campus,2943,4,2.75,2024-03-21,-0.3529291944802081,2-3
101344,Cybersecurity,27.0,On-Campus,33.7,28,3,0,2.4,10.469415807560136,05/10/2024,1,On-Campus,3076,4,3.3333333333333335,2024-05-10,-4.938714207789147e-16,2-3
105632,Cybersecurity,24.0,With Family,28.5,10,1,21,1.76,8.4,12/13/2023,0,With Family,2410,3,2.3333333333333335,2023-12-13,-0.5753491091390935,1-2
106300,Cybersecurity,29.0,With Family,22.5,15,2,32,1.12,4.6,05/12/2024,0,With Family,2127,3,3.0,2024-05-12,-1.6318437037688012,1-2
100631,Data Science,21.0,On-Campus,19.0,0,3,47,2.96,7.9,2023-09-25,0,On-Campus,2717,3,4.0,2023-09-25,-0.7143615558008972,2-3
109415,Cybersecurity,23.0,Off-Campus,6.0,28,2,33,3.02,19.0,19-Apr-2024,0,Off-Campus,4713,3,3.0,2024-04-19,2.371714760091143,3-4
104069,Data Science,22.0,With Family,6.7,15,5,62,3.73,14.2,12/04/2023,0,With Family,5065,5,3.2,2023-12-04,1.037195272137828,3-4
104678,Cybersecurity,23.0,Off-Campus,5.5,35,3,3,2.58,14.2,09/24/2023,0,Off-Campus,4470,3,3.5,2023-09-24,1.037195272137828,2-3
104997,Information Technology,24.0,With Family,13.1,15,2,84,2.05,9.7,2022-11-13,0,With Family,3124,5,3.6,2022-11-13,-0.21391674781840453,2-3
101020,Business Analytics,31.0,Off-Campus,4.0,5,4,87,2.56,12.3,03/27/2024,0,Off-Campus,4405,4,2.0,2024-03-27,0.5089479748229746,2-3
108151,Info Technology,24.0,On-Campus,15.7,25,2,51,1.67,9.4,30-Apr-2024,0,On-Campus,2118,4,2.25,2024-04-30,-0.2973242158154864,1-2
109751,Cybersecurity,27.0,Off-Campus,7.9,25,2,44,2.13,10.469415807560136,2022-10-28,0,Off-Campus,2492,5,3.75,2022-10-28,-4.938714207789147e-16,2-3
104739,Learning Technologies,26.0,With Family,10.6,40,0,23,2.04,6.6,2023-11-15,1,With Family,2756,5,3.5,2023-11-15,-1.0757939171215867,2-3
100287,Information Science,22.0,Off-campus,15.6,0,2,69,1.37,10.469415807560136,2022-12-13,0,Off-Campus,1970,5,3.0,2022-12-13,-4.938714207789147e-16,1-2
106388,Learning Technologies,26.0,with family,18.0,10,3,39,1.54,8.5,11/20/2023,0,With Family,2371,4,3.0,2023-11-20,-0.5475466198067329,1-2
106500,Information Technology,25.0,Off-campus,3.9,25,2,64,1.43,4.5,10/08/2022,0,Off-Campus,2159,4,2.5,2022-10-08,-1.6596461931011617,1-2
106529,Business Analytics,20.0,With Family,8.5,0,2,57,3.11,12.5,12/09/2022,0,With Family,4780,3,3.3333333333333335,2022-12-09,0.5645529534876959,3-4
106800,Information Science,,On-Campus,5.2,25,2,82,3.31,15.3,11/12/2022,0,On-Campus,4679,4,2.3333333333333335,2022-11-12,1.3430226547937962,3-4
101873,Information Technology,23.0,On-Campus,8.3,12,2,73,1.98,9.4,2022-09-15,0,On-Campus,2678,3,3.0,2022-09-15,-0.2973242158154864,1-2
108897,Information Science,18.0,On-Campus,18.0,15,2,41,2.78,12.4,11/20/2023,0,On-Campus,3847,4,2.6666666666666665,2023-11-20,0.5367504641553352,2-3
101673,Information Science,27.0,On-Campus,11.7,28,2,78,2.17,9.6,10/10/2023,0,On-Campus,3460,3,2.3333333333333335,2023-10-10,-0.24171923715076515,2-3
105866,Information  Science,21.0,Off-Campus,7.8,5,0,12,2.38,13.2,03/19/2024,0,Off-Campus,3383,3,3.3333333333333335,2024-03-19,0.7591703788142207,2-3
100291,Info Technology,23.0,Off-Campus,25.2,10,3,15,2.03,15.1,04/10/2024,1,Off-Campus,3638,4,2.5,2024-04-10,1.2874176761290743,2-3
101123,Cyber Security,24.0,Off-Campus,9.1,18,3,42,3.37,11.0,2022-12-18,0,Off-Campus,4256,5,2.6,2022-12-18,0.14751561350228504,3-4
101763,Information Technology,26.0,Off-Campus,17.3,40,2,0,1.38,6.5,03/06/2024,1,Off-Campus,1423,5,3.0,2024-03-06,-1.1035964064539474,1-2
103977,Data Science,22.0,Off-Campus,9.0,12,2,69,3.2,14.2,2022-10-03,0,Off-Campus,4114,4,2.3333333333333335,2022-10-03,1.037195272137828,3-4
103557,Data Science,20.0,Off-Campus,12.1,15,3,29,2.71,10.6,2023-12-01,1,Off-Campus,3157,3,2.5,2023-12-01,0.036305656172842045,2-3
108299,Information Science,22.0,With Family,25.4,18,2,31,2.35,9.0,04/22/2024,0,With Family,3066,3,2.3333333333333335,2024-04-22,-0.40853417314492935,2-3
105921,Cybersecurity,23.0,With Family,10.5,18,2,58,3.46,15.6,10/30/2023,0,With Family,5244,4,3.3333333333333335,2023-10-30,1.426430122790878,3-4
109271,Information Science,24.0,off campus,9.9,15,3,44,3.56,14.3,10/20/2022,0,Off-Campus,5126,4,3.0,2022-10-20,1.0649977614701889,3-4
101791,Information Science,33.0,On-Campus,13.7,30,2,49,2.14,10.7,2024-04-30,0,On-Campus,2205,4,1.0,2024-04-30,0.06410814550520266,2-3
109744,Data Science,25.0,off campus,1.5,25,2,64,2.53,16.5,10/25/2022,0,Off-Campus,4510,3,2.5,2022-10-25,1.6766525267821246,2-3
108312,Learning Technologies,19.0,On-Campus,9.7,5,1,0,2.9,13.7,12/17/2022,0,On-Campus,4744,5,4.0,2022-12-17,0.8981828254760242,2-3
100862,Information Science,25.0,Off-Campus,7.7,5,0,40,1.5,10.469415807560136,05/12/2024,1,Off-Campus,2305,4,2.75,2024-05-12,-4.938714207789147e-16,1-2
109980,Data Science,25.0,With Family,33.5,12,1,64,2.84,15.2,12/04/2022,0,With Family,3912,3,3.0,2022-12-04,1.315220165461435,2-3
103150,Business Analytics,21.0,With Family,17.9,0,2,39,2.21,9.7,26-Oct-2022,0,With Family,3239,5,2.75,2022-10-26,-0.21391674781840453,2-3
103050,Cybersecurity,, On-Campus,3.6,10,2,44,2.48,10.469415807560136,11/04/2023,0,On-Campus,3277,5,1.4,2023-11-04,-4.938714207789147e-16,2-3
104105,Information Technology,21.0,off campus,21.5,20,3,46,1.15,5.2,12/07/2022,0,Off-Campus,1689,4,2.25,2022-12-07,-1.4650287677746368,1-2
102424,Information Technology,23.0,On-Campus,8.2,25,1,52,2.7,10.1,08/21/2023,0,On-Campus,3527,5,2.4,2023-08-21,-0.10270679048896154,2-3
102343,Cybersecurity,26.0,Off-Campus,19.1,15,3,58,2.48,10.0,02/10/2024,0,Off-Campus,3471,4,2.75,2024-02-10,-0.13050927982132218,2-3
104887,Cybersecurity,26.0,Off-Campus,21.4,5,3,36,2.72,13.1,11/15/2023,0,Off-Campus,3443,4,3.0,2023-11-15,0.73136788948186,2-3
101481,Cybersecurity,22.0,Off-Campus,19.2,18,3,58,2.54,7.6,2022-11-20,1,Off-Campus,3268,5,3.2,2022-11-20,-0.7977690237979795,2-3
103859,Information Technology,26.0, On-Campus,7.0,0,2,62,1.63,5.8,2024-03-28,1,On-Campus,2132,3,3.3333333333333335,2024-03-28,-1.2982138317804723,1-2
106278,Information  Science,23.0,Off-Campus,19.9,35,0,42,1.67,7.5,2022-11-22,0,Off-Campus,2353,4,2.75,2022-11-22,-0.8255715131303402,1-2
107263,Data Science,30.0,Off-campus,8.2,0,4,44,2.76,13.8,11/12/2023,0,Off-Campus,3578,5,2.2,2023-11-12,0.9259853148083854,2-3
108839,Cybersecurity,23.0,off campus,8.2,25,3,49,3.12,10.6,09/15/2023,1,Off-Campus,3643,4,3.5,2023-09-15,0.036305656172842045,3-4
105577,DataScience,22.0,With Family,4.3,18,3,67,2.04,13.1,24-May-2024,1,With Family,3363,3,2.3333333333333335,2024-05-24,0.73136788948186,2-3
109367,Information  Science,27.0,off campus,10.8,25,2,89,2.87,11.0,04-Sep-2022,0,Off-Campus,2630,3,2.0,2022-09-04,0.14751561350228504,2-3
109849,Information Technology,29.0,Off-Campus,6.6,20,6,47,2.51,7.9,12/02/2022,0,Off-Campus,3722,5,1.8,2022-12-02,-0.7143615558008972,2-3
108015,Cyber Security,25.0,With Family,4.4,20,1,52,1.74,2.1,18-Apr-2024,0,With Family,1545,4,2.75,2024-04-18,-2.326905937077819,1-2
106699,Info Technology,22.0,With Family,7.3,25,0,64,1.64,3.4,11/17/2022,0,With Family,1622,5,2.6,2022-11-17,-1.9654735757571296,1-2
103590,Learning Technologies,25.0,Off-Campus,2.6,25,3,52,3.34,10.469415807560136,07-Nov-2023,0,Off-Campus,4132,5,2.0,2023-11-07,-4.938714207789147e-16,3-4
103098,Cybersecurity,27.0,Off-Campus,11.2,0,1,71,3.02,11.1,2022-08-29,0,Off-Campus,4247,3,3.3333333333333335,2022-08-29,0.17531810283464563,3-4
109231,Data Science,26.0,On-Campus,16.5,0,0,0,1.57,10.469415807560136,12/13/2023,1,On-Campus,2189,4,2.0,2023-12-13,-4.938714207789147e-16,1-2
101546,Data Science,23.0,Off-Campus,8.0,5,5,90,2.89,10.0,2024-02-02,0,Off-Campus,3754,4,3.0,2024-02-02,-0.13050927982132218,2-3
102068,Business Analytics,32.0,Off-Campus,10.2,28,3,89,2.42,12.3,12/14/2022,0,Off-Campus,2964,4,3.25,2022-12-14,0.5089479748229746,2-3
107990,Business Analytics,33.0,Off-Campus,12.4,40,2,52,2.39,9.9,11/06/2023,0,Off-Campus,3502,5,2.6,2023-11-06,-0.15831176915368278,2-3
104590,Cybersecurity,24.0,With Family,11.4,0,2,95,3.2,14.4,2024-05-14,0,With Family,5287,4,3.0,2024-05-14,1.0928002508025496,3-4
105664,Business Analytics,21.0,Off-Campus,9.6,10,2,44,2.52,14.0,04/26/2024,1,Off-Campus,3246,3,2.0,2024-04-26,0.9815902934731066,2-3
109389,Cybersecurity,23.0,Off-Campus,13.6,25,3,37,2.48,11.4,02-Apr-2024,1,Off-Campus,3952,4,2.0,2024-04-02,0.258725570831728,2-3
107242,Data Science,33.0,With Family,9.8,30,4,58,1.92,10.469415807560136,2023-10-13,0,With Family,3186,4,3.0,2023-10-13,-4.938714207789147e-16,1-2
109838,Information Technology,24.0,off campus,13.0,28,2,78,1.96,6.9,05/26/2024,1,Off-Campus,2651,5,2.8,2024-05-26,-0.9923864491245044,1-2
105444,Cybersecurity,25.0,With Family,3.9,25,4,28,1.56,9.3,10/16/2023,0,With Family,2639,3,2.0,2023-10-16,-0.32512670514784703,1-2
100433,Business Analytics,23.0,On-Campus,18.4,0,3,102,3.13,10.9,09/28/2023,0,On-Campus,3945,5,3.6666666666666665,2023-09-28,0.1197131241699244,3-4
102032,Business Analytics,24.0,On-Campus,6.0,28,0,70,3.59,14.6,09/19/2022,0,On-Campus,4156,4,2.3333333333333335,2022-09-19,1.1484052294672709,3-4
101828,Cybersecurity,28.0,Off-Campus,3.5,20,1,40,2.64,7.1,2022-10-22,0,Off-Campus,3708,3,2.0,2022-10-22,-0.9367814704597831,2-3
104447,Cybersecurity,25.0,With Family,10.1,15,3,3,3.09,14.6,2023-09-08,1,With Family,4825,5,2.8,2023-09-08,1.1484052294672709,3-4
100815,Cybersecurity,24.0,Off-Campus,3.2,10,2,63,2.62,10.2,10/27/2022,1,Off-Campus,4019,3,2.3333333333333335,2022-10-27,-0.07490430115660093,2-3
100551,Business Analytics,23.0,On-Campus,9.4,5,1,15,2.39,11.5,08-Sep-2023,0,On-Campus,2502,4,3.25,2023-09-08,0.2865280601640886,2-3
108237,Cybersecurity,23.0,On-Campus,47.8,0,4,0,2.48,9.9,03/12/2024,0,On-Campus,3532,5,3.0,2024-03-12,-0.15831176915368278,2-3
104026,Cyber Security,24.0,With Family,13.3,18,1,84,2.43,14.0,05-Apr-2024,0,With Family,4004,5,2.0,2024-04-05,0.9815902934731066,2-3
109995,Cybersecurity,22.0,with family,8.7,15,2,49,2.7,10.6,17-Sep-2022,0,With Family,3979,3,3.0,2022-09-17,0.036305656172842045,2-3
105447,Data Science,29.0,With Family,18.9,10,0,75,1.08,10.469415807560136,11/05/2023,0,With Family,798,5,2.8,2023-11-05,-4.938714207789147e-16,1-2
104243,Cybersecurity,21.0,With Family,4.8,15,2,73,3.39,13.9,2022-09-14,0,With Family,4598,4,3.5,2022-09-14,0.9537878041407459,3-4
100053,Information Science,32.0,Off-Campus,3.7,15,1,35,2.51,13.5,04/24/2024,0,Off-Campus,3689,3,2.0,2024-04-24,0.842577846811303,2-3
102698,Cybersecurity,24.0,Off-Campus,2.2,30,0,65,2.13,10.1,2022-11-01,0,Off-Campus,3492,3,2.6666666666666665,2022-11-01,-0.10270679048896154,2-3
103941,Cybersecurity,24.0,With Family,3.3,12,0,85,2.88,13.1,2023-09-10,0,With Family,4112,5,3.4,2023-09-10,0.73136788948186,2-3
105549,Cybersecurity,25.0,On-Campus,9.8,18,3,63,2.11,8.7,2022-10-10,0,On-Campus,3581,3,2.3333333333333335,2022-10-10,-0.4919416411420117,2-3
101259,Information Science,23.0,With Family,5.0,15,4,79,2.09,10.469415807560136,2023-10-22,0,With Family,2677,4,3.5,2023-10-22,-4.938714207789147e-16,2-3
100338,Cybersecurity,29.0,With Family,16.4,15,4,30,3.03,7.9,03/22/2024,0,With Family,3475,3,1.6666666666666667,2024-03-22,-0.7143615558008972,3-4
103422,Cybersecurity,27.0,Off-campus,8.7,20,7,52,2.94,12.4,22-Feb-2024,1,Off-Campus,4183,5,2.2,2024-02-22,0.5367504641553352,2-3
103542,Information Technology,31.0,Off-Campus,2.3,28,2,58,2.84,12.3,10/31/2023,0,Off-Campus,3615,3,4.0,2023-10-31,0.5089479748229746,2-3
105080,Data Science,23.0,On-Campus,5.6,30,1,18,2.66,13.1,2022-08-29,0,On-Campus,3452,5,3.2,2022-08-29,0.73136788948186,2-3
105014,Business Analytics,22.0,Off-Campus,7.0,30,0,84,2.37,9.8,17-Sep-2023,0,Off-Campus,3371,3,1.0,2023-09-17,-0.1861142584860434,2-3
109481,Information Science,24.0,Off-Campus,24.3,30,2,89,2.24,10.469415807560136,03/16/2024,0,Off-Campus,2838,4,1.5,2024-03-16,-4.938714207789147e-16,2-3
109307,Cybersecurity,26.0,With Family,15.4,35,2,63,2.79,11.1,10/17/2022,0,With Family,3725,5,2.8,2022-10-17,0.17531810283464563,2-3
108659,Cyber Security,21.0,With Family,49.1,15,0,40,1.51,7.7,02/10/2024,0,With Family,2609,5,2.8,2024-02-10,-0.7699665344656187,1-2
107685,Data Science,23.0,with family,9.6,35,5,28,2.12,8.6,02/24/2024,0,With Family,2756,3,4.0,2024-02-24,-0.5197441304743723,2-3
107053,Info Technology,30.0,On-Campus,9.1,18,1,0,3.42,17.4,12/17/2023,0,On-Campus,4764,5,2.6,2023-12-17,1.9268749307733706,3-4
109592,Information Technology,23.0,On-Campus,40.5,28,1,0,0.0,1.1,22-Jan-2025,0,On-Campus,1116,3,3.0,2025-01-22,-2.6049308304014263,0-1
107627,Data Science,25.0,Off-Campus,10.7,25,1,35,2.2,11.5,01-Nov-2022,1,Off-Campus,2844,3,3.3333333333333335,2022-11-01,0.2865280601640886,2-3
101384,Information Science,22.0,Off-Campus,1.3,20,0,51,1.91,4.9,09/27/2022,0,Off-Campus,2151,5,3.2,2022-09-27,-1.5484362357717187,1-2
104261,Information Science,27.0,Off-Campus,6.3,15,2,65,2.15,10.8,10/24/2023,0,Off-Campus,4174,3,3.6666666666666665,2023-10-24,0.09191063483756379,2-3
105532,Information Science,21.0,Off-Campus,2.7,20,1,89,3.56,14.4,30-Sep-2023,0,Off-Campus,4630,3,2.6666666666666665,2023-09-30,1.0928002508025496,3-4
100509,Information Technology,19.0,On-Campus,8.3,12,2,61,2.79,12.8,2022-12-08,0,On-Campus,5028,4,3.0,2022-12-08,0.6479604214847782,2-3
103459,Information  Science,23.0,On-Campus,17.1,25,3,4,2.58,7.1,2023-08-22,0,On-Campus,2649,3,3.0,2023-08-22,-0.9367814704597831,2-3
104310,Information Science,23.0,Off-Campus,14.8,10,0,93,1.9,6.5,2022-10-17,0,Off-Campus,2579,3,2.6666666666666665,2022-10-17,-1.1035964064539474,1-2
107208,Business Analytics,27.0,off campus,17.6,12,4,111,2.35,7.2,10/12/2022,0,Off-Campus,2779,3,2.6666666666666665,2022-10-12,-0.9089789811274223,2-3
108307,Business Analytics,27.0,Off-Campus,9.9,40,0,101,3.11,11.7,2024-02-04,1,Off-Campus,3032,3,0.6666666666666666,2024-02-04,0.34213303882880985,3-4
104270,Cybersecurity,22.0,Off-Campus,34.9,18,1,85,2.36,13.1,05/10/2024,1,Off-Campus,3771,4,0.75,2024-05-10,0.73136788948186,2-3
102651,Information Technology,23.0,On-Campus,10.7,15,0,68,2.76,12.0,25-Sep-2022,0,On-Campus,4222,4,3.25,2022-09-25,0.42554050682589223,2-3
109914,Information Science,23.0,With Family,15.3,15,0,66,3.11,12.7,11/02/2022,1,With Family,4157,5,2.4,2022-11-02,0.6201579321524171,3-4
109500,Information Science,22.0,On-Campus,4.0,15,4,90,3.33,11.5,11/23/2022,0,On-Campus,3877,4,3.75,2022-11-23,0.2865280601640886,3-4
103012,Information Technology,24.0,On-Campus,4.9,5,1,41,2.01,12.8,24-May-2024,0,On-Campus,3996,4,2.5,2024-05-24,0.6479604214847782,2-3
105218,Cybersecurity,27.0,On-Campus,2.4,28,1,88,1.84,9.0,2024-03-07,0,On-Campus,2284,5,3.0,2024-03-07,-0.40853417314492935,1-2
101705,Data Science,24.0,With Family,17.7,25,1,53,1.62,10.469415807560136,10/06/2023,0,With Family,1821,4,3.0,2023-10-06,-4.938714207789147e-16,1-2
100931,Cybersecurity,34.0,On-Campus,1.3,12,2,43,2.93,15.3,2022-10-16,0,On-Campus,4479,3,2.6666666666666665,2022-10-16,1.3430226547937962,2-3
103094,Information Science,26.0,On-Campus,18.4,28,1,0,1.95,10.469415807560136,09-Feb-2024,0,On-Campus,1876,4,2.75,2024-02-09,-4.938714207789147e-16,1-2
108518,Cybersecurity,27.0,On-Campus,4.3,20,0,58,1.8,10.6,03-Apr-2024,0,On-Campus,3245,4,3.0,2024-04-03,0.036305656172842045,1-2
105735,Information Technology,24.0,Off-Campus,10.1,12,5,46,2.97,17.2,2024-02-05,0,Off-Campus,5288,5,3.0,2024-02-05,1.8712699521086493,2-3
101358,Data Science,22.0,With Family,6.4,12,3,57,3.39,15.5,2022-10-06,1,With Family,5035,4,2.25,2022-10-06,1.3986276334585175,3-4
100847,Information Science,27.0,Off-Campus,37.2,28,1,54,1.17,0.5,09/26/2023,0,Off-Campus,1127,4,3.0,2023-09-26,-2.7717457663955907,1-2
100349,Learning Technologies,23.0,Off-Campus,2.5,5,2,48,1.9,5.5,2024-04-28,0,Off-Campus,2541,5,2.25,2024-04-28,-1.3816212997775545,1-2
100657,Cybersecurity,30.0,On-Campus,5.5,20,4,41,1.72,7.2,10/14/2023,0,On-Campus,2372,4,3.25,2023-10-14,-0.9089789811274223,1-2
108701,Information Technology,29.0,Off-Campus,6.1,10,2,9,2.56,14.7,09/16/2023,0,Off-Campus,3980,3,3.3333333333333335,2023-09-16,1.1762077187996314,2-3
109159,Information Science,24.0,With Family,9.6,20,4,69,3.24,13.0,2024-04-14,0,With Family,3930,4,2.0,2024-04-14,0.7035654001494994,3-4
103971,Cybersecurity,30.0,With Family,4.0,15,3,45,2.89,15.9,10/02/2023,0,With Family,3846,3,1.0,2023-10-02,1.5098375907879604,2-3
100596,Business Analytics,28.0,With Family,10.5,25,3,50,3.49,14.7,2022-11-17,0,With Family,4975,4,3.0,2022-11-17,1.1762077187996314,3-4
101288,Information Science,25.0,Off-Campus,11.0,0,3,75,2.37,12.6,02/06/2024,0,Off-Campus,3571,5,3.6666666666666665,2024-02-06,0.5923554428200565,2-3
108667,Business Analytics,23.0,Off-Campus,7.1,25,3,17,1.76,10.469415807560136,11/26/2023,0,Off-Campus,2178,3,2.6666666666666665,2023-11-26,-4.938714207789147e-16,1-2
101299,Cybersecurity,21.0,Off-Campus,9.5,20,2,57,2.39,11.9,09/18/2023,0,Off-Campus,4002,5,3.2,2023-09-18,0.3977380174935316,2-3
106263,Business Analytics,23.0,On-Campus,5.5,18,2,10,2.15,7.0,03/11/2024,0,On-Campus,3023,5,3.5,2024-03-11,-0.9645839597921437,2-3
104019,Information Science,23.0,On-Campus,9.0,0,3,1,2.77,15.0,11/25/2022,0,On-Campus,4191,5,2.0,2022-11-25,1.2596151867967138,2-3
102944,Data Science,22.0,On-Campus,17.2,10,2,102,2.58,10.469415807560136,12/05/2022,0,On-Campus,3025,3,2.6666666666666665,2022-12-05,-4.938714207789147e-16,2-3
105131,Business Analytics,28.0,On-Campus,9.5,20,1,19,1.95,9.2,2023-12-15,0,On-Campus,2699,4,3.0,2023-12-15,-0.3529291944802081,1-2
100614,Information Technology,23.0,With Family,4.0,25,1,28,1.57,6.9,2022-09-19,0,With Family,2622,4,2.6666666666666665,2022-09-19,-0.9923864491245044,1-2
106311,Cybersecurity,24.0,With Family,9.9,20,1,62,2.77,11.1,08/30/2022,0,With Family,3990,4,2.75,2022-08-30,0.17531810283464563,2-3
108497,Data Science,26.0,With Family,8.2,20,2,65,2.91,10.2,09/08/2022,0,With Family,3680,5,3.4,2022-09-08,-0.07490430115660093,2-3
103356,Learning Technologies,30.0,on-campus,24.1,15,1,54,2.08,10.469415807560136,2024-04-20,0,On-Campus,2546,4,3.5,2024-04-20,-4.938714207789147e-16,2-3
105958,Data Science,24.0,On-Campus,43.8,18,3,19,2.47,11.0,09/19/2023,0,On-Campus,3908,4,2.5,2023-09-19,0.14751561350228504,2-3
104656,Information Science,23.0,with family,21.8,15,1,70,0.66,10.469415807560136,02/04/2024,1,With Family,989,5,2.6,2024-02-04,-4.938714207789147e-16,0-1
109967,Cybersecurity,22.0,Off-Campus,5.8,20,2,46,2.02,7.1,2022-10-05,0,Off-Campus,2459,4,3.0,2022-10-05,-0.9367814704597831,2-3
101996,Data Science,26.0,on-campus,4.2,12,1,66,2.74,12.9,04/05/2024,0,On-Campus,3836,3,2.6666666666666665,2024-04-05,0.6757629108171388,2-3
108989,Business Analytics,20.0,On-Campus,22.4,5,3,73,2.1,11.6,05/01/2024,0,On-Campus,3197,5,2.6,2024-05-01,0.31433054949644923,2-3
102261,Information Science,29.0,On-Campus,3.7,30,3,75,2.66,10.469415807560136,11-Dec-2022,0,On-Campus,3806,5,2.8,2022-12-11,-4.938714207789147e-16,2-3
107509,Data Science,29.0,With Family,2.6,20,0,42,1.4,3.3,02/27/2024,0,With Family,1427,3,2.6666666666666665,2024-02-27,-1.9932760650894905,1-2
105369,Business Analytics,25.0,off campus,16.1,20,2,32,1.61,5.9,2022-10-23,0,Off-Campus,1968,4,2.0,2022-10-23,-1.2704113424481116,1-2
109778,DataScience,22.0,Off-Campus,10.4,0,2,70,3.29,16.4,2024-04-01,0,Off-Campus,4768,4,1.25,2024-04-01,1.6488500374497634,3-4
102873,Information Technology,24.0,with family,8.7,18,2,25,2.23,6.8,2023-09-05,0,With Family,2986,4,2.6666666666666665,2023-09-05,-1.0201889384568652,2-3
108429,Information Science,21.0,With Family,4.8,20,7,47,3.43,10.469415807560136,2024-05-25,0,With Family,4522,4,2.75,2024-05-25,-4.938714207789147e-16,3-4
106070,DataScience,24.0,Off-Campus,1.4,5,5,128,2.71,8.6,09/26/2022,0,Off-Campus,3765,4,3.25,2022-09-26,-0.5197441304743723,2-3
107771,Cyber Security,23.0,With Family,8.2,5,2,33,1.49,10.469415807560136,2024-02-06,0,With Family,2891,3,2.3333333333333335,2024-02-06,-4.938714207789147e-16,1-2
106649,Information  Science,23.0,On-Campus,8.9,12,1,74,1.85,4.1,05/10/2024,1,On-Campus,2593,4,2.25,2024-05-10,-1.7708561504306046,1-2
106532,Information Science,32.0,Off-Campus,7.0,0,2,55,3.08,12.3,10/07/2022,1,Off-Campus,4197,5,2.75,2022-10-07,0.5089479748229746,3-4
100381,Cybersecurity,23.0,Off-Campus,5.3,10,4,36,2.17,11.6,09/23/2022,0,Off-Campus,4024,3,3.6666666666666665,2022-09-23,0.31433054949644923,2-3
109887,Information Science,24.0,Off-Campus,19.8,25,3,21,2.43,5.9,10/10/2022,1,Off-Campus,3185,5,2.0,2022-10-10,-1.2704113424481116,2-3
102547,Information Science,23.0,With Family,1.3,25,5,22,2.37,9.7,11/11/2022,0,With Family,3778,5,3.2,2022-11-11,-0.21391674781840453,2-3
106634,Information Technology,31.0,Off-Campus,10.5,15,2,43,2.83,12.6,12/11/2022,0,Off-Campus,3485,3,2.6666666666666665,2022-12-11,0.5923554428200565,2-3
102063,Cybersecurity,28.0,With Family,12.1,28,1,51,1.79,10.469415807560136,03-Nov-2023,1,With Family,1998,4,3.6666666666666665,2023-11-03,-4.938714207789147e-16,1-2
109461,Learning Technologies,22.0,On-Campus,15.1,0,2,93,2.01,7.7,03/20/2024,1,On-Campus,3205,5,3.6,2024-03-20,-0.7699665344656187,2-3
108840,Cybersecurity,26.0,With Family,19.2,20,4,33,2.24,9.7,03/28/2024,0,With Family,2971,5,3.2,2024-03-28,-0.21391674781840453,2-3
101170,Business Analytics,26.0,With Family,2.3,25,2,47,2.0,10.4,12/15/2022,1,With Family,3540,5,2.2,2022-12-15,-0.019299322491879194,1-2
101573,Information Technology,24.0,On-Campus,28.8,18,0,35,1.79,11.4,05/13/2024,0,On-Campus,2708,3,2.6666666666666665,2024-05-13,0.258725570831728,1-2
101143,Business Analytics,25.0,On-Campus,6.2,20,1,42,2.95,11.7,08/25/2023,0,On-Campus,3755,3,3.0,2023-08-25,0.34213303882880985,2-3
108289,Cybersecurity,21.0,Off-Campus,11.2,12,4,61,2.6,9.6,12/13/2023,0,Off-Campus,3376,3,3.5,2023-12-13,-0.24171923715076515,2-3
101264,Data Science,33.0,Off-Campus,11.3,25,2,48,2.59,13.5,09/29/2023,0,Off-Campus,3785,4,3.0,2023-09-29,0.842577846811303,2-3
100980,Information Science,21.0,On-Campus,6.7,25,2,70,2.36,11.5,10/03/2022,0,On-Campus,2913,3,2.6666666666666665,2022-10-03,0.2865280601640886,2-3
103533,Information  Science,24.0,Off-Campus,13.0,18,3,70,3.13,19.6,09/08/2022,0,Off-Campus,4909,3,2.0,2022-09-08,2.538529696085307,3-4
100209,Information Technology,24.0,off campus,2.1,10,6,78,2.64,12.6,09/06/2023,0,Off-Campus,4836,3,3.0,2023-09-06,0.5923554428200565,2-3
106110,Information Science,22.0,With Family,20.4,25,1,90,1.59,0.5,2022-11-27,0,With Family,1090,4,2.75,2022-11-27,-2.7717457663955907,1-2
105235,Cybersecurity,19.0,Off-Campus,18.8,28,2,82,2.5,9.4,10/31/2023,0,Off-Campus,3405,4,2.6666666666666665,2023-10-31,-0.2973242158154864,2-3
107361,DataScience,34.0,off campus,13.4,10,3,42,2.61,10.5,04-May-2024,1,Off-Campus,4101,3,2.6666666666666665,2024-05-04,0.008503166840481427,2-3
101359,Learning Technologies,27.0,Off-Campus,24.6,5,0,33,3.62,15.4,10/15/2022,0,Off-Campus,4304,4,2.75,2022-10-15,1.3708251441261567,3-4
100244,Information Science,23.0,off campus,7.2,18,1,25,3.67,16.4,2023-08-28,0,Off-Campus,4352,5,3.75,2023-08-28,1.6488500374497634,3-4
102357,Information Science,27.0,On-Campus,18.8,0,2,56,1.59,12.0,08/27/2022,0,On-Campus,3145,5,3.2,2022-08-27,0.42554050682589223,1-2
101758,Data Science,24.0,With Family,11.0,20,4,31,3.23,14.7,2022-08-31,0,With Family,4489,5,3.0,2022-08-31,1.1762077187996314,3-4
101768,DataScience,29.0,Off-Campus,16.8,20,1,81,1.88,5.6,2024-02-13,0,Off-Campus,1929,5,2.6,2024-02-13,-1.353818810445194,1-2
105402,Cybersecurity,22.0,Off-Campus,22.7,30,1,67,2.12,9.4,05/20/2024,0,Off-Campus,2123,4,2.75,2024-05-20,-0.2973242158154864,2-3
106098,Cybersecurity,27.0,With Family,7.9,15,3,0,0.0,6.4,01/18/2025,0,With Family,2538,5,2.4,2025-01-18,-1.131398895786308,0-1
109785,Cyber Security,25.0,On-Campus,6.6,15,2,23,2.0,3.4,03/04/2024,0,On-Campus,2137,4,2.0,2024-03-04,-1.9654735757571296,1-2
105206,Cyber Security,22.0,With Family,3.2,0,0,85,1.12,5.8,10/31/2023,1,With Family,1045,4,3.75,2023-10-31,-1.2982138317804723,1-2
106162,Cybersecurity,28.0,Off-Campus,5.4,15,1,47,1.98,12.8,03/09/2024,0,Off-Campus,3531,3,2.6666666666666665,2024-03-09,0.6479604214847782,1-2
106194,Information Technology,23.0,Off-Campus,2.4,5,1,13,2.16,7.7,21-Nov-2023,0,Off-Campus,2387,3,3.0,2023-11-21,-0.7699665344656187,2-3
105644,Cybersecurity,25.0,with family,7.3,15,2,0,3.03,14.7,02/15/2024,0,With Family,4316,4,3.75,2024-02-15,1.1762077187996314,3-4
105281,Data Science,26.0,With Family,21.5,15,3,83,2.02,9.3,11/20/2022,0,With Family,2978,4,3.0,2022-11-20,-0.32512670514784703,2-3
103214,Learning Technologies,21.0,Off-Campus,4.4,18,4,59,2.77,16.1,2022-12-05,0,Off-Campus,4278,5,3.8,2022-12-05,1.5654425694526821,2-3
100262,Data Science,21.0,Off-Campus,1.8,15,2,47,2.71,12.9,11/05/2022,0,Off-Campus,3991,5,2.8,2022-11-05,0.6757629108171388,2-3
101159,Cybersecurity,27.0, On-Campus,17.4,25,1,26,1.39,10.469415807560136,05/12/2024,0,On-Campus,1446,3,2.6666666666666665,2024-05-12,-4.938714207789147e-16,1-2
103765,Data Science,24.0,on-campus,2.7,15,1,19,2.72,9.6,03-Sep-2023,0,On-Campus,3728,3,2.0,2023-09-03,-0.24171923715076515,2-3
109640,Data Science,26.0,On-Campus,9.8,5,0,79,3.07,14.3,28-Aug-2022,0,On-Campus,3676,4,2.6666666666666665,2022-08-28,1.0649977614701889,3-4
109891,Information  Science,21.0,with family,7.0,10,5,75,3.59,9.6,10/20/2022,0,With Family,3626,3,1.3333333333333333,2022-10-20,-0.24171923715076515,3-4
102947,Data Science,33.0,Off-campus,3.5,30,3,51,2.89,7.8,28-Aug-2022,0,Off-Campus,3150,5,3.0,2022-08-28,-0.7421640451332581,2-3
101827,Cyber Security,28.0,With Family,6.3,5,3,68,3.22,14.8,2022-11-14,0,With Family,4809,3,3.3333333333333335,2022-11-14,1.2040102081319926,3-4
109123,Data Science,29.0,Off-campus,17.3,15,3,19,3.11,17.6,2022-10-10,0,Off-Campus,4560,3,2.3333333333333335,2022-10-10,1.982479909438093,3-4
105356,Cybersecurity,26.0,With Family,10.8,20,6,25,2.53,14.8,02/04/2024,0,With Family,3464,4,2.5,2024-02-04,1.2040102081319926,2-3
109931,Data Science,22.0,on-campus,2.7,10,1,14,2.75,10.2,2024-04-22,0,On-Campus,3572,5,3.2,2024-04-22,-0.07490430115660093,2-3
108420,Data Science,25.0,Off-Campus,51.5,28,0,0,1.29,10.469415807560136,12/09/2022,1,Off-Campus,1061,3,3.3333333333333335,2022-12-09,-4.938714207789147e-16,1-2
103702,Learning Technologies,23.0,Off-Campus,6.1,12,1,45,3.14,16.6,17-Dec-2023,0,Off-Campus,4684,5,3.5,2023-12-17,1.7044550161144858,3-4
105136,Data Science,26.0,Off-Campus,12.2,10,5,53,2.39,14.0,11/21/2023,0,Off-Campus,3409,4,3.25,2023-11-21,0.9815902934731066,2-3
109286,Learning Technologies,19.0,Off-Campus,13.0,15,1,44,2.78,16.2,2024-02-04,0,Off-Campus,4340,4,3.5,2024-02-04,1.5932450587850422,2-3
107133,Information Science,22.0,With Family,2.3,25,6,81,1.63,6.7,05/15/2024,0,With Family,2306,3,2.6666666666666665,2024-05-15,-1.047991427789226,1-2
109142,Cybersecurity,21.0,On-Campus,1.9,5,2,74,2.92,11.1,12/17/2022,1,On-Campus,4070,3,2.3333333333333335,2022-12-17,0.17531810283464563,2-3
106977,Learning Technologies,23.0,Off-Campus,24.6,10,2,46,2.06,10.6,12/04/2022,1,Off-Campus,3044,5,2.0,2022-12-04,0.036305656172842045,2-3
103827,Information Technology,33.0,Off-Campus,24.2,28,1,77,2.12,8.7,10/23/2022,0,Off-Campus,2880,4,3.0,2022-10-23,-0.4919416411420117,2-3
103193,Information Science,22.0,Off-campus,10.1,12,3,62,2.05,10.469415807560136,03/10/2024,0,Off-Campus,2838,3,1.6666666666666667,2024-03-10,-4.938714207789147e-16,2-3
106046,Information Technology,27.0,Off-Campus,7.3,0,1,59,1.96,6.5,2022-10-18,1,Off-Campus,2767,5,3.0,2022-10-18,-1.1035964064539474,1-2
101111,Learning Technologies,26.0,With Family,15.6,10,1,36,2.94,8.5,04/14/2024,0,With Family,3552,3,3.0,2024-04-14,-0.5475466198067329,2-3
106029,Cybersecurity,22.0,On-Campus,3.3,18,1,64,2.69,12.6,09/03/2023,0,On-Campus,4389,4,3.0,2023-09-03,0.5923554428200565,2-3
103715,Learning Technologies,23.0,With Family,5.3,12,3,32,1.35,10.469415807560136,2023-09-25,0,With Family,2695,5,2.6,2023-09-25,-4.938714207789147e-16,1-2
101478,Cybersecurity,26.0,Off-Campus,15.6,18,3,41,3.35,16.7,05/05/2024,0,Off-Campus,4620,5,2.4,2024-05-05,1.7322575054468459,3-4
108976,Business Analytics,21.0,Off-Campus,24.2,30,2,46,2.31,8.3,05/21/2024,1,Off-Campus,3042,5,2.6,2024-05-21,-0.6031515984714542,2-3
105795,Information Technology,25.0,off campus,13.3,5,5,78,2.55,17.9,10/24/2023,0,Off-Campus,4765,5,3.6,2023-10-24,2.0658873774351743,2-3
109859,Learning Technologies,29.0,Off-Campus,16.2,0,2,40,2.35,10.469415807560136,09/18/2022,1,Off-Campus,2104,4,2.5,2022-09-18,-4.938714207789147e-16,2-3
106493,Information Technology,21.0,Off-Campus,3.0,30,2,0,2.41,13.0,09/07/2022,0,Off-Campus,3802,5,3.25,2022-09-07,0.7035654001494994,2-3
105339,Information  Science,20.0,On-Campus,9.3,20,2,31,1.58,10.469415807560136,2024-02-26,1,On-Campus,2165,3,2.6666666666666665,2024-02-26,-4.938714207789147e-16,1-2
105037,Information Science,24.0,On-Campus,9.5,15,4,38,2.29,10.6,15-Mar-2024,1,On-Campus,3447,4,2.25,2024-03-15,0.036305656172842045,2-3
107453,Data Science,25.0,Off-Campus,23.5,18,3,28,1.8,5.9,2024-03-04,0,Off-Campus,1996,4,2.75,2024-03-04,-1.2704113424481116,1-2
103406,Information Science,21.0,On-Campus,0.9,40,1,17,2.76,9.2,03/24/2024,0,On-Campus,3196,5,3.2,2024-03-24,-0.3529291944802081,2-3
100613,Data Science,27.0,off campus,37.2,30,3,31,1.71,9.0,04/24/2024,0,Off-Campus,2655,3,3.0,2024-04-24,-0.40853417314492935,1-2
100819,Business Analytics,22.0,Off-Campus,17.9,15,1,39,2.04,4.5,2024-02-19,0,Off-Campus,2084,4,2.6666666666666665,2024-02-19,-1.6596461931011617,2-3
103026,Cybersecurity,23.0,With Family,2.6,25,3,3,1.58,2.9,10/04/2022,0,With Family,1708,4,2.75,2022-10-04,-2.104486022418933,1-2
105611,Cybersecurity,22.0,With Family,5.9,5,3,61,3.98,20.8,2024-04-03,0,With Family,5389,3,4.0,2024-04-03,2.8721595680736356,3-4
100592,Cybersecurity,22.0,With Family,4.6,35,0,37,2.72,5.6,03/09/2024,0,With Family,2611,5,2.2,2024-03-09,-1.353818810445194,2-3
104037,Data Science,24.0,off campus,9.0,0,2,62,2.51,9.3,10/09/2022,0,Off-Campus,3540,3,3.0,2022-10-09,-0.32512670514784703,2-3
100350,Business Analytics,30.0,With Family,15.2,35,2,76,1.77,3.9,25-Nov-2022,0,With Family,1564,3,3.3333333333333335,2022-11-25,-1.8264611290953259,1-2
102252,Data Science,22.0,With Family,47.7,12,1,78,1.21,4.7,08-Nov-2022,0,With Family,1524,5,2.4,2022-11-08,-1.6040412144364402,1-2
106875,Cybersecurity,20.0,with family,7.8,12,1,75,3.02,14.5,03/31/2024,0,With Family,4286,4,2.0,2024-03-31,1.1206027401349101,3-4
108209,Data Science,19.0,Off-Campus,0.5,20,2,25,2.63,10.3,10-Dec-2022,0,Off-Campus,3099,5,1.4,2022-12-10,-0.047101811824239816,2-3
107437,DataScience,24.0,off campus,11.3,5,0,0,0.0,10.0,21-Jan-2025,0,Off-Campus,3742,3,0.6666666666666666,2025-01-21,-0.13050927982132218,0-1
105137,Business Analytics,21.0,With Family,22.7,18,0,39,2.91,14.4,09/13/2022,0,With Family,3829,5,2.6,2022-09-13,1.0928002508025496,2-3
109659,Info Technology,27.0,With Family,9.7,10,3,47,2.85,12.1,15-Nov-2022,0,With Family,4415,5,2.4,2022-11-15,0.45334299615825285,2-3
101952,Learning Technologies,22.0,off campus,10.7,5,0,96,2.24,10.3,2023-10-31,0,Off-Campus,2998,3,3.0,2023-10-31,-0.047101811824239816,2-3
104955,Cyber Security,21.0,Off-Campus,11.5,28,2,0,2.29,11.0,12/13/2023,1,Off-Campus,3644,3,2.6666666666666665,2023-12-13,0.14751561350228504,2-3
106251,Information Science,28.0,On-Campus,1.0,18,2,50,2.88,12.4,2022-12-17,0,On-Campus,4234,3,4.0,2022-12-17,0.5367504641553352,2-3
102691,Cyber Security,22.0,With Family,5.2,15,2,41,3.62,16.1,2022-11-17,0,With Family,4278,4,2.0,2022-11-17,1.5654425694526821,3-4
103273,Information Technology,25.0,On-Campus,4.2,25,1,66,2.86,14.7,10/06/2022,0,On-Campus,4087,5,2.8,2022-10-06,1.1762077187996314,2-3
109756,Information Science,22.0,On-Campus,11.4,0,0,65,2.58,12.2,2024-03-11,0,On-Campus,4192,5,3.0,2024-03-11,0.4811454854906135,2-3
102079,Cybersecurity,33.0,Off-Campus,4.7,5,1,42,3.12,10.469415807560136,2022-10-15,0,Off-Campus,4600,3,3.0,2022-10-15,-4.938714207789147e-16,3-4
104801,Learning Technologies,27.0,off campus,14.2,30,1,83,1.75,5.0,2022-08-27,0,Off-Campus,2145,5,1.8,2022-08-27,-1.5206337464393582,1-2
108187,Information Technology,27.0,Off-Campus,6.3,5,1,60,1.97,11.6,11/17/2023,0,Off-Campus,3446,3,3.0,2023-11-17,0.31433054949644923,1-2
103294,Data Science,23.0,on-campus,2.1,10,2,24,1.73,7.9,2024-03-28,1,On-Campus,2204,4,2.75,2024-03-28,-0.7143615558008972,1-2
108397,Cybersecurity,32.0,On-Campus,4.0,20,4,64,2.8,11.9,2023-10-14,0,On-Campus,4490,4,3.5,2023-10-14,0.3977380174935316,2-3
105779,Data Science,23.0,With Family,10.3,20,6,128,2.82,10.4,2023-10-08,0,With Family,3632,3,3.6666666666666665,2023-10-08,-0.019299322491879194,2-3
103536,Information Science,21.0,Off-Campus,3.2,5,3,97,2.99,11.6,04/23/2024,1,Off-Campus,4248,3,2.0,2024-04-23,0.31433054949644923,2-3
103976,Information Technology,26.0,On-Campus,2.7,25,1,91,3.53,13.4,2024-02-23,0,On-Campus,4231,4,3.3333333333333335,2024-02-23,0.8147753574789424,3-4
101119,Information Science,29.0,On-Campus,8.3,15,1,42,2.38,9.1,2024-05-03,1,On-Campus,3242,5,2.6,2024-05-03,-0.3807316838125687,2-3
105616,Cybersecurity,20.0,Off-campus,1.6,25,1,61,1.77,10.469415807560136,05/11/2024,0,Off-Campus,2717,3,3.6666666666666665,2024-05-11,-4.938714207789147e-16,1-2
102490,Cybersecurity,26.0,Off-Campus,7.1,15,3,58,1.48,10.469415807560136,2022-08-24,0,Off-Campus,2807,4,2.75,2022-08-24,-4.938714207789147e-16,1-2
109423,Business Analytics,22.0,On-Campus,16.0,25,1,1,2.21,10.469415807560136,09/22/2023,0,On-Campus,2489,4,2.75,2023-09-22,-4.938714207789147e-16,2-3
104650,Learning Technologies,22.0,With Family,2.9,20,1,29,2.53,10.3,05-Feb-2024,0,With Family,3459,3,2.6666666666666665,2024-02-05,-0.047101811824239816,2-3
106984,Learning Technologies,24.0,with family,2.9,25,4,49,1.69,7.0,04-May-2024,0,With Family,2471,4,2.25,2024-05-04,-0.9645839597921437,1-2
105094,Information Science,29.0,With Family,1.6,10,2,50,2.27,7.4,10/09/2022,0,With Family,3134,3,1.3333333333333333,2022-10-09,-0.8533740024627008,2-3
106355,Cybersecurity,26.0,Off-Campus,3.3,10,3,26,2.61,10.5,2022-08-29,0,Off-Campus,3395,5,3.2,2022-08-29,0.008503166840481427,2-3
107729,Data Science,26.0,Off-Campus,6.6,25,2,60,3.0,11.6,02/22/2024,0,Off-Campus,4689,5,2.25,2024-02-22,0.31433054949644923,2-3
101178,Cybersecurity,22.0,with family,17.6,5,2,28,2.27,10.6,2023-09-05,0,With Family,3731,3,3.6666666666666665,2023-09-05,0.036305656172842045,2-3
105164,Learning Technologies,28.0,On-Campus,24.4,25,3,17,1.41,6.9,10/31/2022,0,On-Campus,1742,5,2.8,2022-10-31,-0.9923864491245044,1-2
102074,Business Analytics,21.0,With Family,5.8,20,1,0,3.14,11.3,2022-11-14,0,With Family,3886,4,3.0,2022-11-14,0.23092308149936738,3-4
108145,Data Science,25.0,Off-Campus,0.7,20,0,30,2.1,14.9,05/09/2024,0,Off-Campus,3431,4,2.5,2024-05-09,1.2318126974643533,2-3
108313,Data Science,25.0,on-campus,51.3,0,1,64,1.31,10.469415807560136,12/02/2023,0,On-Campus,1441,4,3.0,2023-12-02,-4.938714207789147e-16,1-2
101523,Data Science,24.0,Off-Campus,23.7,0,0,86,1.94,8.2,11/30/2022,0,Off-Campus,2173,5,3.0,2022-11-30,-0.6309540878038153,1-2
104724,Cybersecurity,21.0,On-Campus,3.8,20,2,22,1.91,10.0,20-Nov-2022,1,On-Campus,3012,3,3.3333333333333335,2022-11-20,-0.13050927982132218,1-2
101881,Information Science,27.0,On-Campus,3.0,15,3,85,2.65,11.4,11/26/2022,0,On-Campus,3953,4,3.0,2022-11-26,0.258725570831728,2-3
101269,Data Science,25.0,Off-Campus,2.9,18,2,86,2.55,7.4,03/26/2024,1,Off-Campus,3551,5,3.6,2024-03-26,-0.8533740024627008,2-3
107159,Business Analytics,25.0,with family,9.5,12,2,105,1.86,7.2,12/15/2022,1,With Family,3024,5,3.4,2022-12-15,-0.9089789811274223,1-2
109360,Information Science,24.0,off campus,17.8,15,3,32,3.1,10.7,08/26/2023,0,Off-Campus,3429,3,2.6666666666666665,2023-08-26,0.06410814550520266,3-4
101455,Information Technology,19.0,Off-Campus,7.4,25,0,71,1.25,10.469415807560136,09/20/2022,0,Off-Campus,1020,4,3.5,2022-09-20,-4.938714207789147e-16,1-2
108547,Data Science,25.0,On-Campus,3.7,18,3,80,2.95,17.6,22-Nov-2022,0,On-Campus,4756,5,2.6,2022-11-22,1.982479909438093,2-3
103576,Learning Technologies,30.0,Off-Campus,2.5,30,1,7,2.41,6.9,09/14/2022,0,Off-Campus,2978,3,2.3333333333333335,2022-09-14,-0.9923864491245044,2-3
108475,Data Science,21.0,On-Campus,12.1,15,0,76,2.63,9.5,10/27/2022,0,On-Campus,3477,3,3.0,2022-10-27,-0.2695217264831258,2-3
102342,Cybersecurity,25.0,On-Campus,7.3,18,1,18,2.25,10.2,09/10/2023,0,On-Campus,3551,5,2.8,2023-09-10,-0.07490430115660093,2-3
104359,Information Technology,26.0,Off-Campus,3.7,30,1,46,1.68,7.1,11/25/2023,0,Off-Campus,1800,3,3.3333333333333335,2023-11-25,-0.9367814704597831,1-2
108393,Information Technology,23.0,Off-Campus,9.5,25,2,0,2.38,10.469415807560136,12/08/2023,0,Off-Campus,2715,3,3.6666666666666665,2023-12-08,-4.938714207789147e-16,2-3
107928,Cybersecurity,23.0,On-Campus,8.6,40,0,62,2.82,14.1,12/06/2022,0,On-Campus,3905,4,3.0,2022-12-06,1.0093927828054672,2-3
104869,Information Science,27.0,With Family,24.1,18,0,106,2.39,10.2,09/28/2022,0,With Family,3228,4,3.0,2022-09-28,-0.07490430115660093,2-3
109315,Cybersecurity,24.0,Off-Campus,8.4,25,4,60,2.18,11.2,2022-11-12,1,Off-Campus,3164,4,1.25,2022-11-12,0.20312059216700626,2-3
108718,Business Analytics,20.0,off campus,18.1,30,0,45,0.0,0.7,04/22/2024,0,Off-Campus,906,4,2.0,2024-04-22,-2.716140787730869,0-1
103291,Information Science,24.0,Off-Campus,8.4,10,1,3,1.51,10.469415807560136,2022-11-05,0,Off-Campus,1426,5,3.2,2022-11-05,-4.938714207789147e-16,1-2
108043,Business Analytics,26.0,With Family,17.6,18,2,32,3.51,12.6,2022-08-27,0,With Family,3974,4,2.75,2022-08-27,0.5923554428200565,3-4
106277,Data Science,23.0,With Family,30.2,15,0,93,2.3,6.0,03-Oct-2023,0,With Family,2857,3,3.0,2023-10-03,-1.2426088531157509,2-3
106689,Information  Science,25.0, On-Campus,6.8,28,2,81,1.69,10.469415807560136,04/04/2024,0,On-Campus,2065,4,3.0,2024-04-04,-4.938714207789147e-16,1-2
107741,Business Analytics,22.0,With Family,6.8,35,1,23,2.69,10.469415807560136,12/04/2022,0,With Family,3645,5,2.8,2022-12-04,-4.938714207789147e-16,2-3
104365,Learning Technologies,29.0,With Family,3.6,20,0,32,2.43,11.0,04/15/2024,0,With Family,3865,4,1.5,2024-04-15,0.14751561350228504,2-3
106986,Cybersecurity,23.0,With Family,0.4,0,0,27,3.28,14.3,08/23/2023,0,With Family,5035,4,3.25,2023-08-23,1.0649977614701889,3-4
104811,Learning Technologies,27.0,Off-Campus,31.8,25,1,79,2.54,8.8,08/31/2023,0,Off-Campus,3069,4,3.5,2023-08-31,-0.4641391518096506,2-3
103530,Data Science,23.0,With Family,68.6,18,4,32,2.63,12.3,02-Oct-2022,0,With Family,3594,3,3.3333333333333335,2022-10-02,0.5089479748229746,2-3
102337,Information Technology,24.0,Off-Campus,9.6,15,5,65,1.15,10.469415807560136,2022-11-03,1,Off-Campus,2331,5,2.2,2022-11-03,-4.938714207789147e-16,1-2
108091,Data Science,23.0,With Family,7.6,15,2,78,1.8,10.469415807560136,27-Feb-2024,1,With Family,1809,3,4.0,2024-02-27,-4.938714207789147e-16,1-2
102522,Cybersecurity,25.0,On-Campus,14.6,20,0,34,1.78,6.8,2023-11-12,0,On-Campus,2378,3,1.5,2023-11-12,-1.0201889384568652,1-2
103776,Business Analytics,24.0,Off-Campus,9.3,12,3,54,3.26,15.6,08/24/2022,0,Off-Campus,4520,4,3.0,2022-08-24,1.426430122790878,3-4
103547,Data Science,25.0,Off-Campus,5.6,0,5,44,2.74,16.6,02/05/2024,0,Off-Campus,4409,4,2.25,2024-02-05,1.7044550161144858,2-3
106911,Cybersecurity,27.0,On-Campus,3.5,25,2,65,2.84,11.6,11/18/2022,0,On-Campus,3884,3,3.0,2022-11-18,0.31433054949644923,2-3
106822,Information Technology,27.0,With Family,25.4,20,0,18,2.02,12.4,16-Sep-2022,1,With Family,3235,4,2.0,2022-09-16,0.5367504641553352,2-3
102517,Business Analytics,33.0,On-Campus,8.8,15,0,72,2.48,12.5,04/22/2024,0,On-Campus,3730,4,2.5,2024-04-22,0.5645529534876959,2-3
108032,Business Analytics,26.0, On-Campus,15.6,15,3,62,2.23,9.5,25-Nov-2022,0,On-Campus,2506,4,3.0,2022-11-25,-0.2695217264831258,2-3
109112,Data Science,23.0,Off-Campus,19.2,0,2,69,1.83,9.1,10/11/2022,0,Off-Campus,2466,3,0.6666666666666666,2022-10-11,-0.3807316838125687,1-2
106954,Information Technology,25.0,On-Campus,18.1,28,0,18,0.0,2.3,12/20/2022,0,On-Campus,760,4,3.25,2022-12-20,-2.271300958413098,0-1
107531,Information Technology,21.0,On-Campus,50.5,10,0,66,2.04,6.6,11/19/2022,1,On-Campus,2526,5,3.6,2022-11-19,-1.0757939171215867,2-3
106631,Business Analytics,33.0,On-Campus,7.1,25,1,74,1.95,2.2,05/15/2024,0,On-Campus,2007,3,1.6666666666666667,2024-05-15,-2.299103447745458,1-2
105791,Cybersecurity,25.0,On-Campus,15.9,25,0,67,1.05,10.469415807560136,11/25/2023,0,On-Campus,1048,5,2.0,2023-11-25,-4.938714207789147e-16,1-2
103734,Information Technology,23.0,Off-Campus,25.8,20,3,67,2.34,6.3,09/30/2023,0,Off-Campus,3279,5,3.0,2023-09-30,-1.1592013851186689,2-3
101004,Learning Technologies,28.0,With Family,14.3,12,2,0,2.37,12.2,2024-05-22,0,With Family,3837,5,3.0,2024-05-22,0.4811454854906135,2-3
108131,Business Analytics,22.0,On-Campus,10.0,15,1,52,1.95,10.469415807560136,04/12/2024,0,On-Campus,1926,3,3.3333333333333335,2024-04-12,-4.938714207789147e-16,1-2
109163,Data Science,33.0,On-Campus,31.5,25,3,32,2.19,10.469415807560136,10/21/2023,0,On-Campus,2000,5,3.5,2023-10-21,-4.938714207789147e-16,2-3
109137,Business Analytics,19.0,On-Campus,25.7,40,2,45,1.57,7.5,04/28/2024,0,On-Campus,2663,4,3.25,2024-04-28,-0.8255715131303402,1-2
100580,Cybersecurity,25.0,With Family,18.7,20,1,57,1.85,10.469415807560136,2024-04-24,1,With Family,2583,4,2.25,2024-04-24,-4.938714207789147e-16,1-2
109502,Information Technology,26.0,Off-Campus,14.4,25,3,22,2.24,11.1,2023-11-30,0,Off-Campus,4299,5,3.0,2023-11-30,0.17531810283464563,2-3
103477,Business Analytics,25.0,On-Campus,12.6,30,3,93,1.87,7.6,17-Oct-2022,0,On-Campus,2860,5,2.6,2022-10-17,-0.7977690237979795,1-2
108693,Cybersecurity,24.0,Off-Campus,11.5,5,3,52,1.99,9.7,09/11/2022,0,Off-Campus,2502,5,2.0,2022-09-11,-0.21391674781840453,1-2
103174,Business Analytics,23.0,On-Campus,28.3,20,2,65,1.59,6.2,08/27/2022,0,On-Campus,2396,5,3.75,2022-08-27,-1.1870038744510294,1-2
109745,Information Technology,26.0,With Family,15.8,30,1,27,1.69,7.9,2024-03-07,0,With Family,2524,4,3.0,2024-03-07,-0.7143615558008972,1-2
106905,Information Science,22.0,Off-Campus,11.9,25,0,52,2.61,12.8,11/26/2022,1,Off-Campus,3158,5,3.4,2022-11-26,0.6479604214847782,2-3
108418,Business Analytics,24.0,With Family,1.1,20,1,37,2.71,10.1,09/06/2022,0,With Family,2849,3,2.3333333333333335,2022-09-06,-0.10270679048896154,2-3
107843,Cybersecurity,28.0,Off-Campus,8.5,15,5,60,3.35,13.3,20-Dec-2022,0,Off-Campus,4574,5,2.8,2022-12-20,0.7869728681465817,3-4
104336,Information Technology,26.0,Off-Campus,7.5,25,3,49,3.0,15.6,2023-09-07,0,Off-Campus,5220,4,1.3333333333333333,2023-09-07,1.426430122790878,2-3
106084,Cybersecurity,25.0,off campus,7.7,20,3,14,3.12,15.2,09/19/2023,0,Off-Campus,4109,5,2.6,2023-09-19,1.315220165461435,3-4
109411,Information  Science,24.0,With Family,6.6,20,1,24,1.44,4.1,11/02/2023,1,With Family,2125,4,3.0,2023-11-02,-1.7708561504306046,1-2
103631,Learning Technologies,21.0,Off-Campus,7.8,40,3,42,2.4,8.3,07-Dec-2023,1,Off-Campus,2674,5,2.8,2023-12-07,-0.6031515984714542,2-3
105603,Business Analytics,23.0,On-Campus,1.8,5,5,54,2.63,10.0,04/27/2024,1,On-Campus,4483,4,2.0,2024-04-27,-0.13050927982132218,2-3
107613,Information Science,31.0,With Family,11.8,35,5,13,3.27,11.1,03/28/2024,0,With Family,3863,5,2.4,2024-03-28,0.17531810283464563,3-4
100183,Information Technology,26.0,On-Campus,3.6,15,1,84,2.41,12.5,12/04/2022,0,On-Campus,4825,3,2.3333333333333335,2022-12-04,0.5645529534876959,2-3
107869,Cybersecurity,20.0,With Family,13.2,10,0,79,2.06,10.469415807560136,17-Sep-2022,0,With Family,3169,4,3.5,2022-09-17,-4.938714207789147e-16,2-3
101469,Learning Technologies,23.0,Off-Campus,3.0,28,3,64,1.92,9.0,09/13/2022,0,Off-Campus,2266,5,3.4,2022-09-13,-0.40853417314492935,1-2
102908,Information Science,23.0,Off-Campus,26.8,30,3,87,0.7,10.469415807560136,2024-02-13,0,Off-Campus,1657,3,2.6666666666666665,2024-02-13,-4.938714207789147e-16,0-1
101759,Information Technology,32.0,on-campus,15.8,15,1,60,2.42,9.4,2024-05-25,1,On-Campus,3456,4,3.25,2024-05-25,-0.2973242158154864,2-3
103110,Information Technology,20.0, On-Campus,16.0,35,4,89,2.61,5.0,03/21/2024,0,On-Campus,2481,5,1.6,2024-03-21,-1.5206337464393582,2-3
105144,Cybersecurity,30.0,With Family,12.2,25,2,45,2.21,10.4,09/27/2022,0,With Family,2540,3,3.0,2022-09-27,-0.019299322491879194,2-3
105168,Information Technology,33.0,Off-Campus,14.5,15,3,38,3.19,16.7,05/10/2024,0,Off-Campus,4965,3,2.6666666666666665,2024-05-10,1.7322575054468459,3-4
101317,Learning Technologies,24.0,off campus,4.6,15,2,21,1.87,8.5,11/08/2022,0,Off-Campus,2757,5,1.8,2022-11-08,-0.5475466198067329,1-2
105591,Business Analytics,21.0,Off-Campus,6.7,10,4,78,2.24,8.3,05/09/2024,0,Off-Campus,3201,5,2.6,2024-05-09,-0.6031515984714542,2-3
100632,Information Science,23.0,On-Campus,6.8,20,3,50,2.44,6.5,29-Nov-2023,0,On-Campus,3084,3,3.3333333333333335,2023-11-29,-1.1035964064539474,2-3
101160,Learning Technologies,23.0,On-Campus,25.1,15,2,55,1.43,6.0,2022-09-19,0,On-Campus,1768,4,2.75,2022-09-19,-1.2426088531157509,1-2
107270,Business Analytics,21.0,On-Campus,5.4,25,4,59,2.85,15.3,26-Mar-2024,0,On-Campus,4440,4,3.0,2024-03-26,1.3430226547937962,2-3
102596,Learning Technologies,35.0,Off-campus,9.4,0,3,72,2.04,10.469415807560136,11/10/2022,0,Off-Campus,2409,4,1.75,2022-11-10,-4.938714207789147e-16,2-3
104513,Cyber Security,21.0,With Family,24.2,20,0,53,1.64,10.469415807560136,11/11/2022,0,With Family,1860,3,3.0,2022-11-11,-4.938714207789147e-16,1-2
108646,Business Analytics,28.0,Off-Campus,1.6,20,1,21,1.94,10.469415807560136,2022-11-08,1,Off-Campus,2951,3,2.6666666666666665,2022-11-08,-4.938714207789147e-16,1-2
101122,Data Science,24.0,Off-Campus,4.8,35,2,78,2.74,12.9,2022-11-22,0,Off-Campus,3980,5,3.4,2022-11-22,0.6757629108171388,2-3
105217,Business Analytics,32.0,Off-Campus,9.9,5,4,49,2.94,14.2,2023-12-10,0,Off-Campus,4621,5,1.2,2023-12-10,1.037195272137828,2-3
102104,Data Science,21.0,On-Campus,9.3,10,1,42,2.42,10.3,2022-09-19,0,On-Campus,3142,5,2.4,2022-09-19,-0.047101811824239816,2-3
106619,Business Analytics,25.0,On-Campus,5.3,25,3,30,2.3,8.9,09/03/2022,0,On-Campus,2968,4,3.25,2022-09-03,-0.43633666247728997,2-3
103257,Data Science,23.0,On-Campus,31.6,0,2,50,3.14,14.6,10/06/2023,0,On-Campus,4153,5,3.4,2023-10-06,1.1484052294672709,3-4
105793,Data Science,20.0,On-Campus,13.1,25,1,41,2.31,9.0,2023-10-02,1,On-Campus,3667,5,3.0,2023-10-02,-0.40853417314492935,2-3
103054,Learning Technologies,22.0,Off-Campus,21.2,20,1,57,1.99,10.9,11/03/2022,0,Off-Campus,3152,4,3.0,2022-11-03,0.1197131241699244,1-2
105843,Learning Technologies,31.0,With Family,9.2,20,6,33,3.22,14.5,2022-09-14,0,With Family,3905,5,1.8,2022-09-14,1.1206027401349101,3-4
104303,Cybersecurity,28.0,On-Campus,2.5,25,3,55,1.71,3.4,2024-02-08,1,On-Campus,1635,3,3.6666666666666665,2024-02-08,-1.9654735757571296,1-2
109465,Data Science,21.0,off campus,13.0,15,3,0,2.27,10.469415807560136,09/03/2022,0,Off-Campus,2963,4,3.25,2022-09-03,-4.938714207789147e-16,2-3
102455,Data Science,26.0,Off-Campus,3.2,12,2,55,2.21,4.7,04/22/2024,0,Off-Campus,1806,5,3.4,2024-04-22,-1.6040412144364402,2-3
108041,Cybersecurity,25.0,Off-Campus,19.4,28,0,97,1.49,1.0,04/29/2024,0,Off-Campus,1233,4,1.75,2024-04-29,-2.632733319733787,1-2
100159,Business Analytics,27.0,With Family,19.2,12,2,71,1.62,5.4,10/09/2023,0,With Family,2323,4,3.25,2023-10-09,-1.409423789109915,1-2
102804,Cybersecurity,32.0,Off-Campus,15.8,30,1,36,1.19,10.469415807560136,04/06/2024,1,Off-Campus,861,3,3.6666666666666665,2024-04-06,-4.938714207789147e-16,1-2
106813,Learning Technologies,33.0,On-Campus,4.6,15,1,70,2.52,15.1,09/10/2023,0,On-Campus,4263,4,1.75,2023-09-10,1.2874176761290743,2-3
106122,Data Science,21.0,with family,20.7,15,3,74,1.71,8.6,2022-10-02,0,With Family,2841,5,2.0,2022-10-02,-0.5197441304743723,1-2
103713,Business Analytics,26.0,with family,17.0,10,1,0,1.73,0.5,11/10/2022,0,With Family,1564,3,3.5,2022-11-10,-2.7717457663955907,1-2
100621,Information Technology,26.0,Off-Campus,39.4,18,1,54,1.42,10.469415807560136,04-Oct-2022,1,Off-Campus,1992,4,3.0,2022-10-04,-4.938714207789147e-16,1-2
100549,Learning Technologies,27.0,On-Campus,3.5,0,0,38,3.22,11.5,2024-03-25,0,On-Campus,3901,4,2.0,2024-03-25,0.2865280601640886,3-4
105864,Cyber Security,21.0,Off-Campus,27.2,5,1,67,2.09,4.5,08/28/2023,1,Off-Campus,2013,4,2.0,2023-08-28,-1.6596461931011617,2-3
101564,Cybersecurity,26.0,Off-Campus,14.8,25,1,0,0.0,10.469415807560136,2025-01-14,0,Off-Campus,4155,3,2.6666666666666665,2025-01-14,-4.938714207789147e-16,0-1
106692,Information Science,29.0, On-Campus,2.0,15,0,35,2.09,12.3,09/02/2022,0,On-Campus,3255,4,2.0,2022-09-02,0.5089479748229746,2-3
106655,Information Technology,30.0,off campus,3.3,20,1,72,1.71,6.8,2024-02-29,0,Off-Campus,3092,4,3.5,2024-02-29,-1.0201889384568652,1-2
106979,Cybersecurity,20.0,With Family,11.4,15,3,58,2.68,16.4,2022-08-28,0,With Family,4552,4,3.75,2022-08-28,1.6488500374497634,2-3
101624,Cybersecurity,27.0,On-Campus,27.0,35,1,33,2.64,11.9,02/23/2024,1,On-Campus,3498,5,2.25,2024-02-23,0.3977380174935316,2-3
101219,Data Science,24.0,On-Campus,4.7,0,0,42,2.61,15.6,10/17/2022,0,On-Campus,3966,5,2.4,2022-10-17,1.426430122790878,2-3
104299,Info Technology,24.0,On-Campus,4.5,30,1,30,1.93,7.4,09/27/2023,1,On-Campus,2445,4,3.5,2023-09-27,-0.8533740024627008,1-2
109363,Data Science,27.0,With Family,9.4,10,5,41,3.1,15.0,10/30/2022,0,With Family,4058,5,3.6,2022-10-30,1.2596151867967138,3-4
105875,Information Science,24.0,On-Campus,13.7,12,3,34,1.64,10.469415807560136,2022-11-07,1,On-Campus,2695,4,3.0,2022-11-07,-4.938714207789147e-16,1-2
105847,Data Science,31.0,off campus,22.2,5,2,73,0.62,10.469415807560136,04/13/2024,0,Off-Campus,1043,3,2.3333333333333335,2024-04-13,-4.938714207789147e-16,0-1
101866,Information Science,24.0,With Family,4.5,5,1,83,1.8,8.9,08/29/2022,0,With Family,2739,5,3.25,2022-08-29,-0.43633666247728997,1-2
105461,Data Science,21.0,with family,16.1,10,1,65,2.12,10.469415807560136,09/21/2022,1,With Family,1816,5,2.6,2022-09-21,-4.938714207789147e-16,2-3
102791,Cybersecurity,24.0,Off-Campus,11.7,0,2,65,3.22,9.9,02/29/2024,0,Off-Campus,3106,5,3.6,2024-02-29,-0.15831176915368278,3-4
105600,Cybersecurity,23.0,With Family,8.0,15,3,65,1.59,7.1,2022-11-05,0,With Family,2538,4,1.6666666666666667,2022-11-05,-0.9367814704597831,1-2
100956,Information Science,31.0,Off-campus,6.2,18,1,69,1.98,8.1,09/02/2022,0,Off-Campus,2678,3,2.6666666666666665,2022-09-02,-0.658756577136176,1-2
107161,Cybersecurity,23.0,Off-Campus,19.4,35,5,19,1.04,2.6,14-Oct-2023,0,Off-Campus,1343,4,1.25,2023-10-14,-2.1878934904160157,1-2
106865,Business Analytics,28.0,On-Campus,18.4,35,1,47,2.15,10.469415807560136,2024-03-26,0,On-Campus,2121,3,1.3333333333333333,2024-03-26,-4.938714207789147e-16,2-3
107222,Cybersecurity,21.0,Off-Campus,7.7,28,2,48,2.41,8.9,2022-09-27,0,Off-Campus,2670,3,2.6666666666666665,2022-09-27,-0.43633666247728997,2-3
108035,Information Science,22.0,Off-Campus,5.0,12,1,35,2.05,10.3,10/02/2022,0,Off-Campus,3084,5,2.25,2022-10-02,-0.047101811824239816,2-3
106537,Info Technology,27.0,On-Campus,7.3,18,0,77,3.25,13.8,2024-03-31,0,On-Campus,4794,4,3.5,2024-03-31,0.9259853148083854,3-4
105222,Cybersecurity,19.0,With Family,5.7,15,4,45,2.19,9.3,2022-11-25,1,With Family,3037,5,3.4,2022-11-25,-0.32512670514784703,2-3
105488,Information Science,27.0,With Family,23.2,30,3,0,0.0,9.6,01/18/2025,0,With Family,3314,3,2.3333333333333335,2025-01-18,-0.24171923715076515,0-1
101450,Cybersecurity,24.0,With Family,14.7,20,5,95,2.43,11.8,10-Oct-2022,0,With Family,3307,3,3.6666666666666665,2022-10-10,0.369935528161171,2-3
107993,Business Analytics,37.0,On-Campus,7.1,10,1,65,1.98,11.0,2023-10-14,0,On-Campus,3560,3,3.3333333333333335,2023-10-14,0.14751561350228504,1-2
109318,Cybersecurity,23.0,On-Campus,18.5,25,0,50,1.6,5.9,13-Sep-2022,1,On-Campus,2306,5,1.6,2022-09-13,-1.2704113424481116,1-2
101148,Data Science,33.0,On-Campus,6.3,25,0,17,1.57,10.6,03/31/2024,0,On-Campus,2711,3,1.6666666666666667,2024-03-31,0.036305656172842045,1-2
106018,Information Science,27.0,On-Campus,1.0,15,1,59,2.27,8.8,10/27/2022,0,On-Campus,3507,4,3.25,2022-10-27,-0.4641391518096506,2-3
104884,Information Technology,27.0,Off-Campus,6.6,25,3,36,2.55,11.5,12/14/2022,0,Off-Campus,2777,5,2.4,2022-12-14,0.2865280601640886,2-3
108076,Cyber Security,23.0,With Family,15.4,12,1,70,2.56,9.4,10/16/2022,0,With Family,3073,5,2.5,2022-10-16,-0.2973242158154864,2-3
108713,Cybersecurity,27.0,Off-Campus,27.3,25,3,56,1.38,10.469415807560136,2023-08-30,1,Off-Campus,1797,3,4.0,2023-08-30,-4.938714207789147e-16,1-2
100107,Learning Technologies,28.0,Off-Campus,19.6,25,3,0,0.0,7.0,2025-01-21,0,Off-Campus,1983,5,2.0,2025-01-21,-0.9645839597921437,0-1
101991,Cyber Security,33.0,Off-Campus,1.2,12,1,56,2.61,8.1,11/20/2023,0,Off-Campus,3786,5,2.0,2023-11-20,-0.658756577136176,2-3
103762,Information Technology,20.0,With Family,10.5,20,2,75,1.79,10.469415807560136,18-Nov-2023,0,With Family,2800,4,2.3333333333333335,2023-11-18,-4.938714207789147e-16,1-2
103871,Information Technology,23.0,With Family,4.9,25,1,81,2.43,8.2,2022-11-05,0,With Family,3189,5,2.4,2022-11-05,-0.6309540878038153,2-3
103997,Data Science,32.0,Off-Campus,1.9,28,3,39,2.28,13.1,12/08/2022,0,Off-Campus,3813,5,2.3333333333333335,2022-12-08,0.73136788948186,2-3
100202,Information Science,25.0,off campus,5.3,0,5,45,3.02,14.1,2022-10-20,0,Off-Campus,4629,5,2.6,2022-10-20,1.0093927828054672,3-4
107127,Data Science,26.0,On-Campus,6.4,25,3,75,2.52,10.469415807560136,18-Apr-2024,0,On-Campus,2803,3,3.0,2024-04-18,-4.938714207789147e-16,2-3
107306,Business Analytics,27.0,Off-Campus,1.5,12,3,21,2.65,16.0,08-Dec-2022,0,Off-Campus,4109,4,1.5,2022-12-08,1.537640080120321,2-3
108221,Cybersecurity,37.0,On-Campus,13.8,25,3,57,3.64,11.9,12/14/2022,0,On-Campus,3701,5,3.0,2022-12-14,0.3977380174935316,3-4
102011,Cybersecurity,25.0,On-Campus,2.9,5,3,27,2.62,10.469415807560136,10/08/2023,0,On-Campus,4260,3,1.6666666666666667,2023-10-08,-4.938714207789147e-16,2-3
104120,Information Technology,22.0,Off-Campus,5.1,18,0,60,3.31,13.7,2024-03-31,0,Off-Campus,4797,4,3.0,2024-03-31,0.8981828254760242,3-4
107535,Information Technology,24.0,On-Campus,19.0,10,1,2,0.95,3.9,23-Apr-2024,0,On-Campus,1329,4,2.6666666666666665,2024-04-23,-1.8264611290953259,0-1
100235,Learning Technologies,24.0,With Family,9.9,30,2,92,3.44,14.7,11/17/2022,0,With Family,4831,3,1.6666666666666667,2022-11-17,1.1762077187996314,3-4
106831,Learning Technologies,24.0,On-Campus,3.3,25,5,26,1.33,7.9,05/13/2024,0,On-Campus,2765,3,2.3333333333333335,2024-05-13,-0.7143615558008972,1-2
102877,Cybersecurity,25.0,With Family,6.9,10,8,45,3.1,15.4,03/04/2024,0,With Family,5385,3,3.3333333333333335,2024-03-04,1.3708251441261567,3-4
100684,Cybersecurity,25.0,Off-Campus,2.5,28,2,75,2.75,9.4,2022-10-31,1,Off-Campus,3646,3,2.0,2022-10-31,-0.2973242158154864,2-3
101256,Information Science,26.0,With Family,18.3,10,1,68,1.6,10.469415807560136,11-Oct-2022,1,With Family,2346,3,1.0,2022-10-11,-4.938714207789147e-16,1-2
103072,Learning Technologies,23.0,On-Campus,7.5,35,5,50,2.45,12.5,09/16/2023,0,On-Campus,3563,4,3.0,2023-09-16,0.5645529534876959,2-3
104609,Data Science,18.0,Off-Campus,1.4,15,3,38,2.58,15.0,11/25/2023,1,Off-Campus,4307,4,1.5,2023-11-25,1.2596151867967138,2-3
104305,Information Science,22.0,On-Campus,40.8,0,2,0,2.87,8.4,11/20/2022,0,On-Campus,3376,5,3.0,2022-11-20,-0.5753491091390935,2-3
101279,Information Technology,23.0,on-campus,9.7,15,2,59,2.86,18.1,03/15/2024,0,On-Campus,4740,5,2.6,2024-03-15,2.1214923560998966,2-3
106997,Data Science,20.0,On-Campus,19.9,18,0,74,1.95,9.0,09-Mar-2024,0,On-Campus,2876,5,2.0,2024-03-09,-0.40853417314492935,1-2
105924,Business Analytics,22.0,With Family,5.7,25,1,56,2.1,8.6,29-Feb-2024,0,With Family,3666,5,2.6666666666666665,2024-02-29,-0.5197441304743723,2-3
100263,Information Science,24.0,Off-Campus,16.3,5,1,51,1.44,9.6,03/17/2024,0,Off-Campus,2638,4,2.0,2024-03-17,-0.24171923715076515,1-2
105244,Business Analytics,33.0,Off-Campus,19.7,12,1,56,0.0,10.469415807560136,11/03/2022,1,Off-Campus,1454,4,3.25,2022-11-03,-4.938714207789147e-16,0-1
104545,Data Science,23.0,With Family,10.0,5,4,75,2.81,12.6,11/15/2022,1,With Family,4516,3,3.0,2022-11-15,0.5923554428200565,2-3
102497,Info Technology,24.0,with family,13.6,30,2,76,3.52,15.6,09/08/2022,0,With Family,4717,3,2.3333333333333335,2022-09-08,1.426430122790878,3-4
107003,Data Science,26.0,With Family,4.4,20,1,17,1.15,2.9,16-Oct-2022,0,With Family,1510,5,2.0,2022-10-16,-2.104486022418933,1-2
109228,Cybersecurity,28.0,With Family,8.2,35,0,64,2.91,13.9,2022-11-12,1,With Family,3791,3,2.6666666666666665,2022-11-12,0.9537878041407459,2-3
102559,Data Science,29.0,Off-Campus,26.0,35,2,53,2.28,3.9,09/15/2022,0,Off-Campus,2330,3,2.0,2022-09-15,-1.8264611290953259,2-3
106653,Cybersecurity,25.0,Off-Campus,0.1,10,2,72,1.97,12.2,12/01/2022,0,Off-Campus,2968,5,3.3333333333333335,2022-12-01,0.4811454854906135,1-2
105855,Cyber Security,22.0,on-campus,7.2,28,4,60,3.04,13.1,09/22/2022,0,On-Campus,3761,5,2.75,2022-09-22,0.73136788948186,3-4
108247,Information Technology,25.0,On-Campus,11.4,12,2,55,2.28,8.5,11/16/2022,0,On-Campus,2827,4,2.5,2022-11-16,-0.5475466198067329,2-3
100548,Data Science,29.0,On-Campus,8.9,18,2,41,3.08,14.0,03/17/2024,0,On-Campus,3521,3,2.0,2024-03-17,0.9815902934731066,3-4
107491,Information Science,28.0, On-Campus,22.9,28,1,45,1.12,10.469415807560136,03/12/2024,0,On-Campus,1473,3,1.6666666666666667,2024-03-12,-4.938714207789147e-16,1-2
107786,Information Technology,24.0,Off-Campus,11.1,35,2,27,2.77,16.6,01-Oct-2022,0,Off-Campus,4789,5,2.0,2022-10-01,1.7044550161144858,2-3
106342,Business Analytics,24.0,Off-Campus,21.6,25,3,70,2.45,8.3,23-Oct-2023,1,Off-Campus,2908,5,2.6,2023-10-23,-0.6031515984714542,2-3
105019,Cybersecurity,22.0,On-Campus,3.5,20,1,15,2.6,10.5,10/19/2023,0,On-Campus,3997,3,4.0,2023-10-19,0.008503166840481427,2-3
103607,Data Science,22.0,Off-Campus,20.3,10,0,76,1.7,4.2,10-Sep-2022,0,Off-Campus,1567,3,2.5,2022-09-10,-1.743053661098244,1-2
103113,Cybersecurity,26.0,Off-Campus,3.3,0,0,82,2.44,12.2,2024-05-20,0,Off-Campus,3949,5,2.6,2024-05-20,0.4811454854906135,2-3
107220,Learning Technologies,25.0,On-Campus,11.5,18,3,0,2.28,15.6,21-Oct-2022,0,On-Campus,4104,5,1.4,2022-10-21,1.426430122790878,2-3
107216,Business Analytics,28.0,Off-Campus,7.2,0,6,100,3.22,16.0,09/10/2022,0,Off-Campus,4956,3,3.6666666666666665,2022-09-10,1.537640080120321,3-4
109236,Learning Technologies,32.0,Off-Campus,11.1,12,1,54,2.24,8.5,04/08/2024,0,Off-Campus,3185,4,3.0,2024-04-08,-0.5475466198067329,2-3
104843,Business Analytics,25.0,Off-campus,14.4,28,3,21,1.84,7.8,17-Dec-2023,0,Off-Campus,2186,3,2.3333333333333335,2023-12-17,-0.7421640451332581,1-2
102076,Data Science,26.0,Off-campus,7.3,10,2,73,2.3,11.0,2022-09-13,0,Off-Campus,3305,4,2.75,2022-09-13,0.14751561350228504,2-3
109482,Information  Science,26.0,Off-Campus,9.9,18,5,39,2.7,11.3,10/28/2023,0,Off-Campus,3598,4,3.3333333333333335,2023-10-28,0.23092308149936738,2-3
107697,Cybersecurity,22.0,Off-Campus,14.1,15,2,37,2.87,14.9,10/19/2022,0,Off-Campus,3084,5,3.0,2022-10-19,1.2318126974643533,2-3
109497,Information Science,26.0,With Family,1.7,40,0,67,1.92,9.1,11/24/2022,0,With Family,1939,3,3.0,2022-11-24,-0.3807316838125687,1-2
101026,Information Science,28.0,Off-Campus,7.5,20,2,41,2.16,3.0,2024-03-30,1,Off-Campus,1852,3,2.6666666666666665,2024-03-30,-2.0766835330865727,2-3
101623,Business Analytics,25.0,Off-Campus,2.1,15,4,114,2.98,17.0,02/03/2024,0,Off-Campus,4836,3,2.3333333333333335,2024-02-03,1.8156649734439283,2-3
102300,Cybersecurity,24.0,Off-Campus,15.1,12,1,56,2.07,5.1,2024-02-03,0,Off-Campus,1838,5,2.6,2024-02-03,-1.4928312571069975,2-3
101342,Information Science,22.0,Off-Campus,2.1,5,2,27,3.11,11.1,11/09/2022,0,Off-Campus,3893,5,2.0,2022-11-09,0.17531810283464563,3-4
103179,Business Analytics,23.0,Off-Campus,2.4,0,3,48,2.38,15.3,03/07/2024,0,Off-Campus,3881,4,2.0,2024-03-07,1.3430226547937962,2-3
101730,Information Technology,22.0,With Family,31.8,30,0,94,1.86,7.4,10/08/2022,0,With Family,3044,5,2.8,2022-10-08,-0.8533740024627008,1-2
106257,DataScience,29.0,With Family,4.1,28,1,48,2.88,9.7,09/22/2022,0,With Family,4276,3,1.3333333333333333,2022-09-22,-0.21391674781840453,2-3
108245,Information Science,22.0,Off-Campus,5.9,35,5,91,2.13,9.3,2023-11-07,0,Off-Campus,3816,4,1.75,2023-11-07,-0.32512670514784703,2-3
108515,Information Technology,27.0,Off-Campus,8.3,20,0,48,0.62,6.5,2023-10-18,1,Off-Campus,1300,5,3.4,2023-10-18,-1.1035964064539474,0-1
107288,Learning Technologies,21.0,off campus,1.1,18,1,110,3.03,16.3,2022-08-25,0,Off-Campus,4753,4,3.0,2022-08-25,1.6210475481174034,3-4
106413,Information Technology,23.0,On-Campus,1.8,25,3,0,2.09,12.2,13-Mar-2024,0,On-Campus,3415,4,3.25,2024-03-13,0.4811454854906135,2-3
108578,Business Analytics,19.0,off campus,9.9,12,0,98,2.13,8.4,02/15/2024,0,Off-Campus,2110,3,2.3333333333333335,2024-02-15,-0.5753491091390935,2-3
100647,Business Analytics,23.0,off campus,4.5,12,5,31,3.25,11.2,11/22/2022,0,Off-Campus,4440,3,3.0,2022-11-22,0.20312059216700626,3-4
105954,Cybersecurity,25.0,On-Campus,0.9,15,1,16,2.12,10.8,06-Nov-2023,0,On-Campus,3635,4,2.5,2023-11-06,0.09191063483756379,2-3
106744,Cybersecurity,28.0,Off-Campus,30.3,15,1,19,2.45,11.8,09/05/2022,0,Off-Campus,3492,3,2.3333333333333335,2022-09-05,0.369935528161171,2-3
106568,Information Science,24.0,off campus,10.3,15,4,37,3.47,16.2,11/09/2022,1,Off-Campus,5237,3,3.5,2022-11-09,1.5932450587850422,3-4
106830,Data Science,20.0,off campus,26.6,0,1,62,1.73,7.2,24-Mar-2024,1,Off-Campus,2245,3,3.3333333333333335,2024-03-24,-0.9089789811274223,1-2
109799,Learning Technologies,29.0,On-Campus,4.3,25,3,46,2.02,9.3,10/27/2023,0,On-Campus,2930,4,3.5,2023-10-27,-0.32512670514784703,2-3
101613,Data Science,22.0,With Family,32.1,35,0,0,0.0,10.7,01/14/2025,0,With Family,2892,3,2.3333333333333335,2025-01-14,0.06410814550520266,0-1
106623,Information Technology,20.0,Off-Campus,11.2,5,3,9,2.92,10.8,2024-05-16,0,Off-Campus,3170,5,3.2,2024-05-16,0.09191063483756379,2-3
107042,Cybersecurity,27.0,off campus,14.3,0,2,27,1.51,8.6,09/22/2022,0,Off-Campus,2689,4,3.25,2022-09-22,-0.5197441304743723,1-2
105738,Learning Technologies,24.0,With Family,4.3,0,4,48,2.39,13.6,2024-04-29,1,With Family,3527,4,3.0,2024-04-29,0.8703803361436636,2-3
109558,Information Technology,25.0,Off-Campus,8.6,30,2,63,2.05,8.7,2023-10-06,0,Off-Campus,3181,3,3.3333333333333335,2023-10-06,-0.4919416411420117,2-3
101582,Cybersecurity,27.0,Off-Campus,7.2,25,6,55,2.64,10.7,2022-09-27,1,Off-Campus,3982,5,2.6,2022-09-27,0.06410814550520266,2-3
107152,Information Technology,28.0,Off-Campus,11.8,30,1,58,2.85,17.5,11/24/2022,0,Off-Campus,4058,4,3.5,2022-11-24,1.9546774201057318,2-3
100852,Learning Technologies,26.0,Off-Campus,5.8,12,3,15,3.57,15.0,03/27/2024,0,Off-Campus,4770,3,3.0,2024-03-27,1.2596151867967138,3-4
100318,Cybersecurity,26.0,on-campus,41.6,15,1,34,2.03,6.8,02/29/2024,0,On-Campus,3184,3,2.0,2024-02-29,-1.0201889384568652,2-3
108268,Information  Science,26.0,Off-Campus,10.6,15,4,30,2.44,12.2,28-Aug-2022,0,Off-Campus,3709,4,3.25,2022-08-28,0.4811454854906135,2-3
107147,Business Analytics,29.0,On-Campus,16.4,30,2,38,2.22,9.3,08/23/2023,0,On-Campus,2246,3,1.6666666666666667,2023-08-23,-0.32512670514784703,2-3
100315,Information Science,22.0,Off-Campus,12.4,30,0,35,1.69,3.5,11/16/2022,1,Off-Campus,2431,5,1.6,2022-11-16,-1.937671086424769,1-2
105341,Business Analytics,22.0,Off-Campus,6.5,15,1,43,2.56,9.6,2024-03-10,1,Off-Campus,3448,5,2.4,2024-03-10,-0.24171923715076515,2-3
106734,Information Science,32.0,Off-campus,2.8,40,1,44,2.43,7.8,2023-12-13,0,Off-Campus,3461,5,2.2,2023-12-13,-0.7421640451332581,2-3
108106,Business Analytics,27.0,Off-Campus,3.9,20,1,50,1.94,5.5,05/14/2024,1,Off-Campus,2998,5,2.6,2024-05-14,-1.3816212997775545,1-2
106356,Business Analytics,32.0,Off-Campus,24.7,18,3,117,2.11,10.1,09/12/2022,0,Off-Campus,3734,3,3.3333333333333335,2022-09-12,-0.10270679048896154,2-3
100426,Data Science,31.0,With Family,0.9,18,2,62,1.92,14.8,02/10/2024,0,With Family,4034,3,3.3333333333333335,2024-02-10,1.2040102081319926,1-2
108416,Cybersecurity,23.0,On-Campus,7.6,25,3,74,2.39,10.0,11/15/2022,0,On-Campus,4377,5,2.8,2022-11-15,-0.13050927982132218,2-3
104384,Information Science,25.0,on-campus,9.8,25,6,56,2.47,12.5,05/19/2024,0,On-Campus,4337,4,3.25,2024-05-19,0.5645529534876959,2-3
103336,Learning Technologies,26.0,On-Campus,14.7,20,2,39,1.53,8.0,10/05/2022,1,On-Campus,2641,3,2.6666666666666665,2022-10-05,-0.6865590664685366,1-2
106839,Business Analytics,29.0,On-Campus,14.0,5,1,38,2.57,13.4,03/13/2024,0,On-Campus,3885,3,2.6666666666666665,2024-03-13,0.8147753574789424,2-3
107513,Business Analytics,24.0,off campus,3.0,30,0,8,2.42,6.1,09/04/2022,0,Off-Campus,2567,4,2.75,2022-09-04,-1.2148063637833904,2-3
106622,Information Science,21.0,Off-Campus,14.1,20,2,46,1.74,10.469415807560136,04/26/2024,0,Off-Campus,1770,4,3.5,2024-04-26,-4.938714207789147e-16,1-2
108271,Cybersecurity,32.0,On-Campus,11.2,5,4,36,2.37,14.0,09/28/2023,0,On-Campus,4083,3,3.0,2023-09-28,0.9815902934731066,2-3
107820,Cyber Security,27.0,with family,10.4,15,3,44,2.92,15.2,10/02/2022,1,With Family,4084,4,2.75,2022-10-02,1.315220165461435,2-3
107594,Cybersecurity,32.0,Off-Campus,13.9,35,0,66,3.23,20.4,2022-11-21,0,Off-Campus,4732,3,4.0,2022-11-21,2.760949610744192,3-4
108081,Cyber Security,28.0,Off-Campus,9.0,35,1,97,2.11,9.7,2024-05-24,0,Off-Campus,2787,4,3.5,2024-05-24,-0.21391674781840453,2-3
105892,Data Science,22.0,On-Campus,14.7,12,1,51,1.56,10.469415807560136,10/21/2023,0,On-Campus,2121,5,3.0,2023-10-21,-4.938714207789147e-16,1-2
105762,Information Science,32.0,on-campus,31.2,15,0,73,1.6,10.469415807560136,10/25/2022,0,On-Campus,2177,3,3.3333333333333335,2022-10-25,-4.938714207789147e-16,1-2
105276,Information Technology,23.0,With Family,15.7,18,3,79,2.33,5.4,12/07/2023,0,With Family,2722,5,2.4,2023-12-07,-1.409423789109915,2-3
102144,Business Analytics,29.0,With Family,12.9,25,2,40,1.97,8.2,2024-03-17,0,With Family,3213,3,2.3333333333333335,2024-03-17,-0.6309540878038153,1-2
109169,Business Analytics,22.0,On-Campus,16.1,18,0,64,1.61,6.2,2024-03-28,1,On-Campus,2192,4,3.25,2024-03-28,-1.1870038744510294,1-2
109594,Data Science,20.0,Off-Campus,9.9,0,2,44,3.02,17.2,12/14/2022,0,Off-Campus,4518,3,1.3333333333333333,2022-12-14,1.8712699521086493,3-4
105332,Data Science,24.0,Off-Campus,18.1,5,2,25,1.57,7.0,04/28/2024,0,Off-Campus,1724,5,3.0,2024-04-28,-0.9645839597921437,1-2
106718,Information  Science,29.0,On-Campus,15.8,0,2,42,1.45,9.7,10/11/2022,0,On-Campus,2395,4,2.5,2022-10-11,-0.21391674781840453,1-2
101994,Cybersecurity,26.0,With Family,9.2,20,3,71,2.57,10.8,09/30/2022,0,With Family,3687,3,2.0,2022-09-30,0.09191063483756379,2-3
103419,Information Technology,20.0,on-campus,10.6,12,0,64,1.95,9.8,2022-10-28,0,On-Campus,3137,3,1.6666666666666667,2022-10-28,-0.1861142584860434,1-2
105819,Info Technology,26.0,Off-Campus,6.0,0,1,54,1.37,5.5,04/07/2024,1,Off-Campus,1774,3,0.6666666666666666,2024-04-07,-1.3816212997775545,1-2
104389,Business Analytics,20.0,with family,10.0,15,0,73,2.98,9.9,2022-08-23,0,With Family,3051,3,3.6666666666666665,2022-08-23,-0.15831176915368278,2-3
109642,Learning Technologies,23.0,With Family,15.7,0,2,102,2.37,10.0,2022-10-13,0,With Family,3699,3,3.3333333333333335,2022-10-13,-0.13050927982132218,2-3
109603,Learning Technologies,31.0,Off-Campus,2.6,20,2,59,2.24,10.469415807560136,02/28/2024,1,Off-Campus,1570,4,3.0,2024-02-28,-4.938714207789147e-16,2-3
100540,Information Science,25.0,Off-campus,16.2,25,1,10,2.63,10.8,10/06/2022,0,Off-Campus,3463,3,1.6666666666666667,2022-10-06,0.09191063483756379,2-3
108457,Cybersecurity,22.0,Off-Campus,3.2,0,2,58,2.62,9.4,02/26/2024,0,Off-Campus,4818,4,1.75,2024-02-26,-0.2973242158154864,2-3
103006,Cybersecurity,26.0,On-Campus,26.7,10,4,21,2.45,7.5,09/07/2022,0,On-Campus,3108,4,2.5,2022-09-07,-0.8255715131303402,2-3
102162,Information Technology,21.0,Off-Campus,1.3,12,1,101,2.89,15.9,26-Nov-2022,1,Off-Campus,4170,3,2.6666666666666665,2022-11-26,1.5098375907879604,2-3
103101,Cybersecurity,26.0,Off-Campus,22.0,25,2,87,1.44,7.6,11/03/2022,1,Off-Campus,1942,5,2.0,2022-11-03,-0.7977690237979795,1-2
103147,Information Technology,23.0,Off-Campus,7.1,25,1,9,1.55,4.7,2024-03-30,0,Off-Campus,1606,3,3.5,2024-03-30,-1.6040412144364402,1-2
106508,Information Technology,30.0,With Family,16.5,15,3,45,1.97,7.0,03/15/2024,0,With Family,3158,3,3.6666666666666665,2024-03-15,-0.9645839597921437,1-2
108958,Cybersecurity,23.0,With Family,14.9,18,5,106,2.96,10.5,10/21/2022,1,With Family,3911,5,2.75,2022-10-21,0.008503166840481427,2-3
105916,Information Technology,30.0,Off-campus,0.6,15,3,11,3.08,11.7,09/10/2023,0,Off-Campus,4560,3,2.3333333333333335,2023-09-10,0.34213303882880985,3-4
106780,Learning Technologies,23.0,On-Campus,13.0,25,0,99,3.05,13.0,03/12/2024,0,On-Campus,3783,5,2.25,2024-03-12,0.7035654001494994,3-4
101096,DataScience,21.0,With Family,6.1,20,3,52,3.0,16.3,2022-09-03,1,With Family,4361,3,3.0,2022-09-03,1.6210475481174034,2-3
102485,Business Analytics,21.0,Off-Campus,2.8,10,2,0,2.88,13.1,03/30/2024,0,Off-Campus,4408,3,2.5,2024-03-30,0.73136788948186,2-3
104031,Cybersecurity,31.0,With Family,23.4,10,2,72,2.22,11.1,2023-09-23,0,With Family,3818,5,2.8,2023-09-23,0.17531810283464563,2-3
108652,Information Technology,21.0,With Family,5.5,20,5,14,2.63,11.9,11/17/2022,0,With Family,3675,4,2.6666666666666665,2022-11-17,0.3977380174935316,2-3
100253,Business Analytics,25.0,Off-Campus,20.7,12,1,46,2.5,12.4,04-Apr-2024,1,Off-Campus,3823,4,3.25,2024-04-04,0.5367504641553352,2-3
102648,Cybersecurity,25.0,on-campus,7.2,25,1,93,1.25,10.469415807560136,2022-12-19,0,On-Campus,2042,5,3.4,2022-12-19,-4.938714207789147e-16,1-2
